iso3c,iso2c,iso3n,iso.name.en,iso.name.fr,continent,country.name.de,country.name.en,country.name.fr,country.name.it,fao,gaul,region,region23,un,un.name.ar,un.name.en,un.name.es,un.name.fr,un.name.ru,un.name.zh,unicode.symbol
AFG,AF,4.0,Afghanistan,Afghanistan (l'),Asia,Afghanistan,Afghanistan,Afghanistan,Afghanistan,2.0,1.0,South Asia,Southern Asia,4.0,Ø£ÙØºØ§Ù†Ø³ØªØ§Ù†,Afghanistan,AfganistÃ¡n,Afghanistan,ĞÑ„Ğ³Ğ°Ğ½Ğ¸ÑÑ‚Ğ°Ğ½,é˜¿å¯Œæ±—,ğŸ‡¦ğŸ‡«
ALB,AL,8.0,Albania,Albanie (l'),Europe,Albanien,Albania,Albanie,Albania,3.0,3.0,Europe & Central Asia,Southern Europe,8.0,Ø£Ù„Ø¨Ø§Ù†ÙŠØ§,Albania,Albania,Albanie,ĞĞ»Ğ±Ğ°Ğ½Ğ¸Ñ,é˜¿å°”å·´å°¼äºš,ğŸ‡¦ğŸ‡±
DZA,DZ,12.0,Algeria,AlgÃ©rie (l'),Africa,Algerien,Algeria,AlgÃ©rie,Algeria,4.0,4.0,Middle East & North Africa,Northern Africa,12.0,Ø§Ù„Ø¬Ø²Ø§Ø¦Ø±,Algeria,Argelia,AlgÃ©rie,ĞĞ»Ğ¶Ğ¸Ñ€,é˜¿å°”åŠåˆ©äºš,ğŸ‡©ğŸ‡¿
ASM,AS,16.0,American Samoa,Samoa amÃ©ricaines (les),Oceania,Amerikanisch-Samoa,American Samoa,Samoa amÃ©ricaines,Samoa americane,5.0,5.0,East Asia & Pacific,Polynesia,16.0,,,,,,,ğŸ‡¦ğŸ‡¸
AND,AD,20.0,Andorra,Andorre (l'),Europe,Andorra,Andorra,Andorre,Andorra,6.0,7.0,Europe & Central Asia,Southern Europe,20.0,Ø£Ù†Ø¯ÙˆØ±Ø§,Andorra,Andorra,Andorre,ĞĞ½Ğ´Ğ¾Ñ€Ñ€Ğ°,å®‰é“å°”,ğŸ‡¦ğŸ‡©
AGO,AO,24.0,Angola,Angola (l'),Africa,Angola,Angola,Angola,Angola,7.0,8.0,Sub-Saharan Africa,Middle Africa,24.0,Ø£Ù†ØºÙˆÙ„Ø§,Angola,Angola,Angola,ĞĞ½Ğ³Ğ¾Ğ»Ğ°,å®‰å“¥æ‹‰,ğŸ‡¦ğŸ‡´
AIA,AI,660.0,Anguilla,Anguilla,Americas,Anguilla,Anguilla,Anguilla,Anguilla,258.0,9.0,Latin America & Caribbean,Caribbean,660.0,,,,,,,ğŸ‡¦ğŸ‡®
ATA,AQ,10.0,Antarctica,Antarctique (l'),Antarctica,Antarktis,Antarctica,Antarctique,Antartide,30.0,10.0,,,10.0,,,,,,,ğŸ‡¦ğŸ‡¶
ATG,AG,28.0,Antigua and Barbuda,Antigua-et-Barbuda,Americas,Antigua und Barbuda,Antigua & Barbuda,Antigua-et-Barbuda,Antigua e Barbuda,8.0,11.0,Latin America & Caribbean,Caribbean,28.0,Ø£Ù†ØªÙŠØºÙˆØ§ ÙˆØ¨Ø±Ø¨ÙˆØ¯Ø§,Antigua and Barbuda,Antigua y Barbuda,Antigua-et-Barbuda,ĞĞ½Ñ‚Ğ¸Ğ³ÑƒĞ° Ğ¸ Ğ‘Ğ°Ñ€Ğ±ÑƒĞ´Ğ°,å®‰æç“œå’Œå·´å¸ƒè¾¾,ğŸ‡¦ğŸ‡¬
ARG,AR,32.0,Argentina,Argentine (l'),Americas,Argentinien,Argentina,Argentine,Argentina,9.0,12.0,Latin America & Caribbean,South America,32.0,Ø§Ù„Ø£Ø±Ø¬Ù†ØªÙŠÙ†,Argentina,Argentina,Argentine,ĞÑ€Ğ³ĞµĞ½Ñ‚Ğ¸Ğ½Ğ°,é˜¿æ ¹å»·,ğŸ‡¦ğŸ‡·
ARM,AM,51.0,Armenia,ArmÃ©nie (l'),Asia,Armenien,Armenia,ArmÃ©nie,Armenia,1.0,13.0,Europe & Central Asia,Western Asia,51.0,Ø£Ø±Ù…ÙŠÙ†ÙŠØ§,Armenia,Armenia,ArmÃ©nie,ĞÑ€Ğ¼ĞµĞ½Ğ¸Ñ,äºšç¾å°¼äºš,ğŸ‡¦ğŸ‡²
ABW,AW,533.0,Aruba,Aruba,Americas,Aruba,Aruba,Aruba,Aruba,22.0,14.0,Latin America & Caribbean,Caribbean,533.0,,,,,,,ğŸ‡¦ğŸ‡¼
AUS,AU,36.0,Australia,Australie (l'),Oceania,Australien,Australia,Australie,Australia,10.0,17.0,East Asia & Pacific,Australia and New Zealand,36.0,Ø£Ø³ØªØ±Ø§Ù„ÙŠØ§,Australia,Australia,Australie,ĞĞ²ÑÑ‚Ñ€Ğ°Ğ»Ğ¸Ñ,æ¾³å¤§åˆ©äºš,ğŸ‡¦ğŸ‡º
AUT,AT,40.0,Austria,Autriche (l'),Europe,Ã–sterreich,Austria,Autriche,Austria,11.0,18.0,Europe & Central Asia,Western Europe,40.0,Ø§Ù„Ù†Ù…Ø³Ø§,Austria,Austria,Autriche,ĞĞ²ÑÑ‚Ñ€Ğ¸Ñ,å¥¥åœ°åˆ©,ğŸ‡¦ğŸ‡¹
,,,,,,Ã–sterreich-Ungarn,Austria-Hungary,,,,,Europe & Central Asia,,,,,,,,,
AZE,AZ,31.0,Azerbaijan,AzerbaÃ¯djan (l'),Asia,Aserbaidschan,Azerbaijan,AzerbaÃ¯djan,Azerbaigian,52.0,19.0,Europe & Central Asia,Western Asia,31.0,Ø£Ø°Ø±Ø¨ÙŠØ¬Ø§Ù†,Azerbaijan,AzerbaiyÃ¡n,AzerbaÃ¯djan,ĞĞ·ĞµÑ€Ğ±Ğ°Ğ¹Ğ´Ğ¶Ğ°Ğ½,é˜¿å¡æ‹œç–†,ğŸ‡¦ğŸ‡¿
,,,,,,Baden,Baden,,,,,Europe & Central Asia,,,,,,,,,
BHS,BS,44.0,Bahamas (the),Bahamas (les),Americas,Bahamas,Bahamas,Bahamas,Bahamas,12.0,20.0,Latin America & Caribbean,Caribbean,44.0,Ø¬Ø²Ø± Ø§Ù„Ø¨Ù‡Ø§Ù…Ø§,Bahamas,Bahamas,Bahamas,Ğ‘Ğ°Ğ³Ğ°Ğ¼ÑĞºĞ¸Ğµ ĞÑÑ‚Ñ€Ğ¾Ğ²Ğ°,å·´å“ˆé©¬,ğŸ‡§ğŸ‡¸
BHR,BH,48.0,Bahrain,BahreÃ¯n,Asia,Bahrain,Bahrain,BahreÃ¯n,Bahrein,13.0,21.0,Middle East & North Africa,Western Asia,48.0,Ø§Ù„Ø¨Ø­Ø±ÙŠÙ†,Bahrain,Bahrein,BahreÃ¯n,Ğ‘Ğ°Ñ…Ñ€ĞµĞ¹Ğ½,å·´æ—,ğŸ‡§ğŸ‡­
BGD,BD,50.0,Bangladesh,Bangladesh (le),Asia,Bangladesch,Bangladesh,Bangladesh,Bangladesh,16.0,23.0,South Asia,Southern Asia,50.0,Ø¨Ù†ØºÙ„Ø§Ø¯ÙŠØ´,Bangladesh,Bangladesh,Bangladesh,Ğ‘Ğ°Ğ½Ğ³Ğ»Ğ°Ğ´ĞµÑˆ,å­ŸåŠ æ‹‰å›½,ğŸ‡§ğŸ‡©
BRB,BB,52.0,Barbados,Barbade (la),Americas,Barbados,Barbados,Barbade,Barbados,14.0,24.0,Latin America & Caribbean,Caribbean,52.0,Ø¨Ø±Ø¨Ø§Ø¯ÙˆØ³,Barbados,Barbados,Barbade,Ğ‘Ğ°Ñ€Ğ±Ğ°Ğ´Ğ¾Ñ,å·´å·´å¤šæ–¯,ğŸ‡§ğŸ‡§
,,,,,,Bayern,Bavaria,,,,,Europe & Central Asia,,,,,,,,,
BLR,BY,112.0,Belarus,BÃ©larus (le),Europe,WeiÃŸrussland,Belarus,BiÃ©lorussie,Bielorussia,57.0,26.0,Europe & Central Asia,Eastern Europe,112.0,Ø¨ÙŠÙ„Ø§Ø±ÙˆØ³,Belarus,BelarÃºs,BÃ©larus,Ğ‘ĞµĞ»Ğ°Ñ€ÑƒÑÑŒ,ç™½ä¿„ç½—æ–¯,ğŸ‡§ğŸ‡¾
BEL,BE,56.0,Belgium,Belgique (la),Europe,Belgien,Belgium,Belgique,Belgio,255.0,27.0,Europe & Central Asia,Western Europe,56.0,Ø¨Ù„Ø¬ÙŠÙƒØ§,Belgium,BÃ©lgica,Belgique,Ğ‘ĞµĞ»ÑŒĞ³Ğ¸Ñ,æ¯”åˆ©æ—¶,ğŸ‡§ğŸ‡ª
BLZ,BZ,84.0,Belize,Belize (le),Americas,Belize,Belize,Belize,Belize,23.0,28.0,Latin America & Caribbean,Central America,84.0,Ø¨Ù„ÙŠØ²,Belize,Belice,Belize,Ğ‘ĞµĞ»Ğ¸Ğ·,ä¼¯åˆ©å…¹,ğŸ‡§ğŸ‡¿
BEN,BJ,204.0,Benin,BÃ©nin (le),Africa,Benin,Benin,BÃ©nin,Benin,53.0,29.0,Sub-Saharan Africa,Western Africa,204.0,Ø¨Ù†Ù†,Benin,Benin,BÃ©nin,Ğ‘ĞµĞ½Ğ¸Ğ½,è´å®,ğŸ‡§ğŸ‡¯
BMU,BM,60.0,Bermuda,Bermudes (les),Americas,Bermuda,Bermuda,Bermudes,Bermuda,17.0,30.0,North America,Northern America,60.0,,,,,,,ğŸ‡§ğŸ‡²
BTN,BT,64.0,Bhutan,Bhoutan (le),Asia,Bhutan,Bhutan,Bhoutan,Bhutan,18.0,31.0,South Asia,Southern Asia,64.0,Ø¨ÙˆØªØ§Ù†,Bhutan,BhutÃ¡n,Bhoutan,Ğ‘ÑƒÑ‚Ğ°Ğ½,ä¸ä¸¹,ğŸ‡§ğŸ‡¹
BOL,BO,68.0,Bolivia (Plurinational State of),Bolivie (Ã‰tat plurinational de),Americas,Bolivien,Bolivia,Bolivie,Bolivia,19.0,33.0,Latin America & Caribbean,South America,68.0,Ø¨ÙˆÙ„ÙŠÙÙŠØ§ (Ø¯ÙˆÙ„Ø©-Ù…ØªØ¹Ø¯Ø¯Ø© Ø§Ù„Ù‚ÙˆÙ…ÙŠØ§Øª),Bolivia (Plurinational State of),Bolivia (Estado Plurinacional de),Bolivie (Ã‰tat plurinational de),Ğ‘Ğ¾Ğ»Ğ¸Ğ²Ğ¸Ñ (ĞœĞ½Ğ¾Ğ³Ğ¾Ğ½Ğ°Ñ†Ğ¸Ğ¾Ğ½Ğ°Ğ»ÑŒĞ½Ğ¾Ğµ Ğ“Ğ¾ÑÑƒĞ´Ğ°Ñ€ÑÑ‚Ğ²Ğ¾),ç»åˆ©ç»´äºš (å¤šæ°‘æ—å›½),ğŸ‡§ğŸ‡´
BIH,BA,70.0,Bosnia and Herzegovina,Bosnie-HerzÃ©govine (la),Europe,Bosnien und Herzegowina,Bosnia & Herzegovina,Bosnie-HerzÃ©govine,Bosnia ed Erzegovina,80.0,34.0,Europe & Central Asia,Southern Europe,70.0,Ø§Ù„Ø¨ÙˆØ³Ù†Ø© ÙˆØ§Ù„Ù‡Ø±Ø³Ùƒ,Bosnia and Herzegovina,Bosnia y Herzegovina,Bosnie-HerzÃ©govine,Ğ‘Ğ¾ÑĞ½Ğ¸Ñ Ğ¸ Ğ“ĞµÑ€Ñ†ĞµĞ³Ğ¾Ğ²Ğ¸Ğ½Ğ°,æ³¢æ–¯å°¼äºšå’Œé»‘å¡å“¥ç»´é‚£,ğŸ‡§ğŸ‡¦
BWA,BW,72.0,Botswana,Botswana (le),Africa,Botswana,Botswana,Botswana,Botswana,20.0,35.0,Sub-Saharan Africa,Southern Africa,72.0,Ø¨ÙˆØªØ³ÙˆØ§Ù†Ø§,Botswana,Botswana,Botswana,Ğ‘Ğ¾Ñ‚ÑĞ²Ğ°Ğ½Ğ°,åšèŒ¨ç“¦çº³,ğŸ‡§ğŸ‡¼
BVT,BV,74.0,Bouvet Island,Bouvet (l'Ãle),,Bouvetinsel,Bouvet Island,Ãle Bouvet,Isola Bouvet,,36.0,,,74.0,,,,,,,ğŸ‡§ğŸ‡»
BRA,BR,76.0,Brazil,BrÃ©sil (le),Americas,Brasilien,Brazil,BrÃ©sil,Brasile,21.0,37.0,Latin America & Caribbean,South America,76.0,Ø§Ù„Ø¨Ø±Ø§Ø²ÙŠÙ„,Brazil,Brasil,BrÃ©sil,Ğ‘Ñ€Ğ°Ğ·Ğ¸Ğ»Ğ¸Ñ,å·´è¥¿,ğŸ‡§ğŸ‡·
IOT,IO,86.0,British Indian Ocean Territory (the),Indien (le Territoire britannique de l'ocÃ©an),,Britisches Territorium im Indischen Ozean,British Indian Ocean Territory,Territoire britannique de lâ€™ocÃ©an Indien,Territorio britannico dellâ€™Oceano Indiano,24.0,38.0,,,86.0,,,,,,,ğŸ‡®ğŸ‡´
VGB,VG,92.0,Virgin Islands (British),Vierges britanniques (les Ãles),Americas,Britische Jungferninseln,British Virgin Islands,Ãles Vierges britanniques,Isole Vergini Britanniche,239.0,39.0,Latin America & Caribbean,Caribbean,92.0,,,,,,,ğŸ‡»ğŸ‡¬
BRN,BN,96.0,Brunei Darussalam,BrunÃ©i Darussalam (le),Asia,Brunei Darussalam,Brunei,BrunÃ©i Darussalam,Brunei,26.0,40.0,East Asia & Pacific,South-Eastern Asia,96.0,Ø¨Ø±ÙˆÙ†ÙŠ Ø¯Ø§Ø± Ø§Ù„Ø³Ù„Ø§Ù…,Brunei Darussalam,Brunei Darussalam,BrunÃ©i Darussalam,Ğ‘Ñ€ÑƒĞ½ĞµĞ¹-Ğ”Ğ°Ñ€ÑƒÑÑĞ°Ğ»Ğ°Ğ¼,æ–‡è±è¾¾é²è¨å…°å›½,ğŸ‡§ğŸ‡³
,,,,,,Braunschweig,Brunswick,,,,,Europe & Central Asia,,,,,,,,,
BGR,BG,100.0,Bulgaria,Bulgarie (la),Europe,Bulgarien,Bulgaria,Bulgarie,Bulgaria,27.0,41.0,Europe & Central Asia,Eastern Europe,100.0,Ø¨Ù„ØºØ§Ø±ÙŠØ§,Bulgaria,Bulgaria,Bulgarie,Ğ‘Ğ¾Ğ»Ğ³Ğ°Ñ€Ğ¸Ñ,ä¿åŠ åˆ©äºš,ğŸ‡§ğŸ‡¬
BFA,BF,854.0,Burkina Faso,Burkina Faso (le),Africa,Burkina Faso,Burkina Faso,Burkina Faso,Burkina Faso,233.0,42.0,Sub-Saharan Africa,Western Africa,854.0,Ø¨ÙˆØ±ÙƒÙŠÙ†Ø§ ÙØ§Ø³Ùˆ,Burkina Faso,Burkina Faso,Burkina Faso,Ğ‘ÑƒÑ€ĞºĞ¸Ğ½Ğ°-Ğ¤Ğ°ÑĞ¾,å¸ƒåŸºçº³æ³•ç´¢,ğŸ‡§ğŸ‡«
BDI,BI,108.0,Burundi,Burundi (le),Africa,Burundi,Burundi,Burundi,Burundi,29.0,43.0,Sub-Saharan Africa,Eastern Africa,108.0,Ø¨ÙˆØ±ÙˆÙ†Ø¯ÙŠ,Burundi,Burundi,Burundi,Ğ‘ÑƒÑ€ÑƒĞ½Ğ´Ğ¸,å¸ƒéš†è¿ª,ğŸ‡§ğŸ‡®
KHM,KH,116.0,Cambodia,Cambodge (le),Asia,Kambodscha,Cambodia,Cambodge,Cambogia,115.0,44.0,East Asia & Pacific,South-Eastern Asia,116.0,ÙƒÙ…Ø¨ÙˆØ¯ÙŠØ§,Cambodia,Camboya,Cambodge,ĞšĞ°Ğ¼Ğ±Ğ¾Ğ´Ğ¶Ğ°,æŸ¬åŸ”å¯¨,ğŸ‡°ğŸ‡­
CMR,CM,120.0,Cameroon,Cameroun (le),Africa,Kamerun,Cameroon,Cameroun,Camerun,32.0,45.0,Sub-Saharan Africa,Middle Africa,120.0,Ø§Ù„ÙƒØ§Ù…ÙŠØ±ÙˆÙ†,Cameroon,CamerÃºn,Cameroun,ĞšĞ°Ğ¼ĞµÑ€ÑƒĞ½,å–€éº¦éš†,ğŸ‡¨ğŸ‡²
CAN,CA,124.0,Canada,Canada (le),Americas,Kanada,Canada,Canada,Canada,33.0,46.0,North America,Northern America,124.0,ÙƒÙ†Ø¯Ø§,Canada,CanadÃ¡,Canada,ĞšĞ°Ğ½Ğ°Ğ´Ğ°,åŠ æ‹¿å¤§,ğŸ‡¨ğŸ‡¦
CPV,CV,132.0,Cabo Verde,Cabo Verde,Africa,Cabo Verde,Cape Verde,Cap-Vert,Capo Verde,35.0,47.0,Sub-Saharan Africa,Western Africa,132.0,ÙƒØ§Ø¨Ùˆ ÙÙŠØ±Ø¯ÙŠ,Cabo Verde,Cabo Verde,Cabo Verde,ĞšĞ°Ğ±Ğ¾-Ğ’ĞµÑ€Ğ´Ğµ,ä½›å¾—è§’,ğŸ‡¨ğŸ‡»
BES,BQ,535.0,"Bonaire, Sint Eustatius and Saba","Bonaire, Saint-Eustache et Saba",Americas,"Bonaire, Sint Eustatius und Saba",Caribbean Netherlands,Pays-Bas caribÃ©ens,Caraibi olandesi,,,Latin America & Caribbean,Caribbean,535.0,,,,,,,ğŸ‡§ğŸ‡¶
CYM,KY,136.0,Cayman Islands (the),CaÃ¯mans (les Ãles),Americas,Kaimaninseln,Cayman Islands,Ãles CaÃ¯mans,Isole Cayman,36.0,48.0,Latin America & Caribbean,Caribbean,136.0,,,,,,,ğŸ‡°ğŸ‡¾
CAF,CF,140.0,Central African Republic (the),RÃ©publique centrafricaine (la),Africa,Zentralafrikanische Republik,Central African Republic,RÃ©publique centrafricaine,Repubblica Centrafricana,37.0,49.0,Sub-Saharan Africa,Middle Africa,140.0,Ø¬Ù…Ù‡ÙˆØ±ÙŠØ© Ø£ÙØ±ÙŠÙ‚ÙŠØ§ Ø§Ù„ÙˆØ³Ø·Ù‰,Central African Republic,RepÃºblica Centroafricana,RÃ©publique centrafricaine,Ğ¦ĞµĞ½Ñ‚Ñ€Ğ°Ğ»ÑŒĞ½Ğ¾Ğ°Ñ„Ñ€Ğ¸ĞºĞ°Ğ½ÑĞºĞ°Ñ Ğ ĞµÑĞ¿ÑƒĞ±Ğ»Ğ¸ĞºĞ°,ä¸­éå…±å’Œå›½,ğŸ‡¨ğŸ‡«
TCD,TD,148.0,Chad,Tchad (le),Africa,Tschad,Chad,Tchad,Ciad,39.0,50.0,Sub-Saharan Africa,Middle Africa,148.0,ØªØ´Ø§Ø¯,Chad,Chad,Tchad,Ğ§Ğ°Ğ´,ä¹å¾—,ğŸ‡¹ğŸ‡©
,,,,,,Kanalinseln,Channel Islands,,,,,Europe & Central Asia,,,,,,,,,
CHL,CL,152.0,Chile,Chili (le),Americas,Chile,Chile,Chili,Cile,40.0,51.0,Latin America & Caribbean,South America,152.0,Ø´ÙŠÙ„ÙŠ,Chile,Chile,Chili,Ğ§Ğ¸Ğ»Ğ¸,æ™ºåˆ©,ğŸ‡¨ğŸ‡±
CHN,CN,156.0,China,Chine (la),Asia,China,China,Chine,Cina,351.0,53.0,East Asia & Pacific,Eastern Asia,156.0,Ø§Ù„ØµÙŠÙ†,China,China,Chine,ĞšĞ¸Ñ‚Ğ°Ğ¹,ä¸­å›½,ğŸ‡¨ğŸ‡³
CXR,CX,162.0,Christmas Island,Christmas (l'Ãle),Oceania,Weihnachtsinsel,Christmas Island,Ãle Christmas,Isola Christmas,42.0,54.0,East Asia & Pacific,,162.0,,,,,,,ğŸ‡¨ğŸ‡½
CCK,CC,166.0,Cocos (Keeling) Islands (the),Cocos (les Ãles)/ Keeling (les Ãles),,Kokosinseln (Keelinginseln),Cocos (Keeling) Islands,Ãles Cocos,Isole Cocos (Keeling),43.0,56.0,East Asia & Pacific,,166.0,,,,,,,ğŸ‡¨ğŸ‡¨
COL,CO,170.0,Colombia,Colombie (la),Americas,Kolumbien,Colombia,Colombie,Colombia,44.0,57.0,Latin America & Caribbean,South America,170.0,ÙƒÙˆÙ„ÙˆÙ…Ø¨ÙŠØ§,Colombia,Colombia,Colombie,ĞšĞ¾Ğ»ÑƒĞ¼Ğ±Ğ¸Ñ,å“¥ä¼¦æ¯”äºš,ğŸ‡¨ğŸ‡´
COM,KM,174.0,Comoros (the),Comores (les),Africa,Komoren,Comoros,Comores,Comore,45.0,58.0,Sub-Saharan Africa,Eastern Africa,174.0,Ø¬Ø²Ø± Ø§Ù„Ù‚Ù…Ø±,Comoros,Comoras,Comores,ĞšĞ¾Ğ¼Ğ¾Ñ€ÑĞºĞ¸Ğµ ĞÑÑ‚Ñ€Ğ¾Ğ²Ğ°,ç§‘æ‘©ç½—,ğŸ‡°ğŸ‡²
COG,CG,178.0,Congo (the),Congo (le),Africa,Kongo,Congo - Brazzaville,Congo-Brazzaville,Congo-Brazzaville,46.0,59.0,Sub-Saharan Africa,Middle Africa,178.0,Ø§Ù„ÙƒÙˆÙ†ØºÙˆ,Congo,Congo,Congo,ĞšĞ¾Ğ½Ğ³Ğ¾,åˆšæœ,ğŸ‡¨ğŸ‡¬
COD,CD,180.0,Congo (the Democratic Republic of the),Congo (la RÃ©publique dÃ©mocratique du),Africa,Demokratische Republik Kongo,Congo - Kinshasa,Congo-Kinshasa,Congo - Kinshasa,250.0,68.0,Sub-Saharan Africa,Middle Africa,180.0,Ø¬Ù…Ù‡ÙˆØ±ÙŠØ© Ø§Ù„ÙƒÙˆÙ†ØºÙˆ Ø§Ù„Ø¯ÙŠÙ…Ù‚Ø±Ø§Ø·ÙŠØ©,Democratic Republic of the Congo,RepÃºblica DemocrÃ¡tica del Congo,RÃ©publique dÃ©mocratique du Congo,Ğ”ĞµĞ¼Ğ¾ĞºÑ€Ğ°Ñ‚Ğ¸Ñ‡ĞµÑĞºĞ°Ñ Ğ ĞµÑĞ¿ÑƒĞ±Ğ»Ğ¸ĞºĞ° ĞšĞ¾Ğ½Ğ³Ğ¾,åˆšæœæ°‘ä¸»å…±å’Œå›½,ğŸ‡¨ğŸ‡©
COK,CK,184.0,Cook Islands (the),Cook (les Ãles),Oceania,Cookinseln,Cook Islands,Ãles Cook,Isole Cook,47.0,60.0,East Asia & Pacific,Polynesia,184.0,,,,,,,ğŸ‡¨ğŸ‡°
CRI,CR,188.0,Costa Rica,Costa Rica (le),Americas,Costa Rica,Costa Rica,Costa Rica,Costa Rica,48.0,61.0,Latin America & Caribbean,Central America,188.0,ÙƒÙˆØ³ØªØ§Ø±ÙŠÙƒØ§,Costa Rica,Costa Rica,Costa Rica,ĞšĞ¾ÑÑ‚Ğ°-Ğ Ğ¸ĞºĞ°,å“¥æ–¯è¾¾é»åŠ ,ğŸ‡¨ğŸ‡·
HRV,HR,191.0,Croatia,Croatie (la),Europe,Kroatien,Croatia,Croatie,Croazia,98.0,62.0,Europe & Central Asia,Southern Europe,191.0,ÙƒØ±ÙˆØ§ØªÙŠØ§,Croatia,Croacia,Croatie,Ğ¥Ğ¾Ñ€Ğ²Ğ°Ñ‚Ğ¸Ñ,å…‹ç½—åœ°äºš,ğŸ‡­ğŸ‡·
CUB,CU,192.0,Cuba,Cuba,Americas,Kuba,Cuba,Cuba,Cuba,49.0,63.0,Latin America & Caribbean,Caribbean,192.0,ÙƒÙˆØ¨Ø§,Cuba,Cuba,Cuba,ĞšÑƒĞ±Ğ°,å¤å·´,ğŸ‡¨ğŸ‡º
CUW,CW,531.0,CuraÃ§ao,CuraÃ§ao,Americas,CuraÃ§ao,CuraÃ§ao,CuraÃ§ao,CuraÃ§ao,,,Latin America & Caribbean,Caribbean,531.0,,,,,,,ğŸ‡¨ğŸ‡¼
CYP,CY,196.0,Cyprus,Chypre,Asia,Zypern,Cyprus,Chypre,Cipro,50.0,64.0,Europe & Central Asia,Western Asia,196.0,Ù‚Ø¨Ø±Øµ,Cyprus,Chipre,Chypre,ĞšĞ¸Ğ¿Ñ€,å¡æµ¦è·¯æ–¯,ğŸ‡¨ğŸ‡¾
CZE,CZ,203.0,Czechia,TchÃ©quie (la),Europe,Tschechische Republik,Czechia,TchÃ©quie,Cechia,167.0,65.0,Europe & Central Asia,Eastern Europe,203.0,ØªØ´ÙŠÙƒÙŠØ§,Czechia,Chequia,TchÃ©quie,Ğ§ĞµxĞ¸Ñ,æ·å…‹,ğŸ‡¨ğŸ‡¿
,,,,,,Tschechoslowakei,Czechoslovakia,,,,,Europe & Central Asia,,,,,,,,,
CIV,CI,384.0,CÃ´te d'Ivoire,CÃ´te d'Ivoire (la),Africa,ElfenbeinkÃ¼ste,CÃ´te dâ€™Ivoire,CÃ´te dâ€™Ivoire,Costa dâ€™Avorio,107.0,66.0,Sub-Saharan Africa,Western Africa,384.0,ÙƒÙˆØª Ø¯ÙŠÙÙˆØ§Ø±,CÃ´te dâ€™Ivoire,CÃ´te dâ€™Ivoire,CÃ´te dâ€™Ivoire,ĞšĞ¾Ñ‚-Ğ´â€™Ğ˜Ğ²ÑƒĞ°Ñ€,ç§‘ç‰¹è¿ªç“¦,ğŸ‡¨ğŸ‡®
DNK,DK,208.0,Denmark,Danemark (le),Europe,DÃ¤nemark,Denmark,Danemark,Danimarca,54.0,69.0,Europe & Central Asia,Northern Europe,208.0,Ø§Ù„Ø¯Ø§Ù†Ù…Ø±Ùƒ,Denmark,Dinamarca,Danemark,Ğ”Ğ°Ğ½Ğ¸Ñ,ä¸¹éº¦,ğŸ‡©ğŸ‡°
DJI,DJ,262.0,Djibouti,Djibouti,Africa,Dschibuti,Djibouti,Djibouti,Gibuti,72.0,70.0,Middle East & North Africa,Eastern Africa,262.0,Ø¬ÙŠØ¨ÙˆØªÙŠ,Djibouti,Djibouti,Djibouti,Ğ”Ğ¶Ğ¸Ğ±ÑƒÑ‚Ğ¸,å‰å¸ƒæ,ğŸ‡©ğŸ‡¯
DMA,DM,212.0,Dominica,Dominique (la),Americas,Dominica,Dominica,Dominique,Dominica,55.0,71.0,Latin America & Caribbean,Caribbean,212.0,Ø¯ÙˆÙ…ÙŠÙ†ÙŠÙƒØ§,Dominica,Dominica,Dominique,Ğ”Ğ¾Ğ¼Ğ¸Ğ½Ğ¸ĞºĞ°,å¤šç±³å°¼å…‹,ğŸ‡©ğŸ‡²
DOM,DO,214.0,Dominican Republic (the),dominicaine (la RÃ©publique),Americas,Dominikanische Republik,Dominican Republic,RÃ©publique dominicaine,Repubblica Dominicana,56.0,72.0,Latin America & Caribbean,Caribbean,214.0,Ø§Ù„Ø¬Ù…Ù‡ÙˆØ±ÙŠØ© Ø§Ù„Ø¯ÙˆÙ…ÙŠÙ†ÙŠÙƒÙŠØ©,Dominican Republic,RepÃºblica Dominicana,RÃ©publique dominicaine,Ğ”Ğ¾Ğ¼Ğ¸Ğ½Ğ¸ĞºĞ°Ğ½ÑĞºĞ°Ñ Ğ ĞµÑĞ¿ÑƒĞ±Ğ»Ğ¸ĞºĞ°,å¤šç±³å°¼åŠ ,ğŸ‡©ğŸ‡´
ECU,EC,218.0,Ecuador,Ã‰quateur (l'),Americas,Ecuador,Ecuador,Ã‰quateur,Ecuador,58.0,73.0,Latin America & Caribbean,South America,218.0,Ø¥ÙƒÙˆØ§Ø¯ÙˆØ±,Ecuador,Ecuador,Ã‰quateur,Ğ­ĞºĞ²Ğ°Ğ´Ğ¾Ñ€,å„ç“œå¤šå°”,ğŸ‡ªğŸ‡¨
EGY,EG,818.0,Egypt,Ã‰gypte (l'),Africa,Ã„gypten,Egypt,Ã‰gypte,Egitto,59.0,40765.0,Middle East & North Africa,Northern Africa,818.0,Ù…ØµØ±,Egypt,Egipto,Ã‰gypte,Ğ•Ğ³Ğ¸Ğ¿ĞµÑ‚,åŸƒåŠ,ğŸ‡ªğŸ‡¬
SLV,SV,222.0,El Salvador,El Salvador,Americas,El Salvador,El Salvador,Salvador,El Salvador,60.0,75.0,Latin America & Caribbean,Central America,222.0,Ø§Ù„Ø³Ù„ÙØ§Ø¯ÙˆØ±,El Salvador,El Salvador,El Salvador,Ğ¡Ğ°Ğ»ÑŒĞ²Ğ°Ğ´Ğ¾Ñ€,è¨å°”ç“¦å¤š,ğŸ‡¸ğŸ‡»
GNQ,GQ,226.0,Equatorial Guinea,GuinÃ©e Ã©quatoriale (la),Africa,Ã„quatorialguinea,Equatorial Guinea,GuinÃ©e Ã©quatoriale,Guinea Equatoriale,61.0,76.0,Sub-Saharan Africa,Middle Africa,226.0,ØºÙŠÙ†ÙŠØ§ Ø§Ù„Ø¥Ø³ØªÙˆØ§Ø¦ÙŠØ©,Equatorial Guinea,Guinea Ecuatorial,GuinÃ©e Ã©quatoriale,Ğ­ĞºĞ²Ğ°Ñ‚Ğ¾Ñ€Ğ¸Ğ°Ğ»ÑŒĞ½Ğ°Ñ Ğ“Ğ²Ğ¸Ğ½ĞµÑ,èµ¤é“å‡ å†…äºš,ğŸ‡¬ğŸ‡¶
ERI,ER,232.0,Eritrea,Ã‰rythrÃ©e (l'),Africa,Eritrea,Eritrea,Ã‰rythrÃ©e,Eritrea,178.0,77.0,Sub-Saharan Africa,Eastern Africa,232.0,Ø¥Ø±ÙŠØªØ±ÙŠØ§,Eritrea,Eritrea,Ã‰rythrÃ©e,Ğ­Ñ€Ğ¸Ñ‚Ñ€ĞµÑ,å„ç«‹ç‰¹é‡Œäºš,ğŸ‡ªğŸ‡·
EST,EE,233.0,Estonia,Estonie (l'),Europe,Estland,Estonia,Estonie,Estonia,63.0,78.0,Europe & Central Asia,Northern Europe,233.0,Ø¥Ø³ØªÙˆÙ†ÙŠØ§,Estonia,Estonia,Estonie,Ğ­ÑÑ‚Ğ¾Ğ½Ğ¸Ñ,çˆ±æ²™å°¼äºš,ğŸ‡ªğŸ‡ª
SWZ,SZ,748.0,Eswatini,Eswatini (l'),Africa,Swasiland,Eswatini,Eswatini,Swaziland,209.0,235.0,Sub-Saharan Africa,Southern Africa,748.0,Ø¥Ø³ÙˆØ§ØªÙŠÙ†ÙŠ,Eswatini,Eswatini,Eswatini,Ğ­ÑĞ²Ğ°Ñ‚Ğ¸Ğ½Ğ¸,æ–¯å¨å£«å…°,ğŸ‡¸ğŸ‡¿
ETH,ET,231.0,Ethiopia,Ã‰thiopie (l'),Africa,Ã„thiopien,Ethiopia,Ã‰thiopie,Etiopia,238.0,79.0,Sub-Saharan Africa,Eastern Africa,231.0,Ø¥Ø«ÙŠÙˆØ¨ÙŠØ§,Ethiopia,EtiopÃ­a,Ã‰thiopie,Ğ­Ñ„Ğ¸Ğ¾Ğ¿Ğ¸Ñ,åŸƒå¡ä¿„æ¯”äºš,ğŸ‡ªğŸ‡¹
FLK,FK,238.0,Falkland Islands (the) [Malvinas],Falkland (les Ãles)/Malouines (les Ãles),Americas,Falklandinseln (Malvinas),Falkland Islands,Ãles Malouines,Isole Falkland,65.0,81.0,Latin America & Caribbean,South America,238.0,,,,,,,ğŸ‡«ğŸ‡°
FRO,FO,234.0,Faroe Islands (the),FÃ©roÃ© (les Ãles),Europe,FÃ¤rÃ¶er Inseln,Faroe Islands,Ãles FÃ©roÃ©,Isole FÃ¦r Ã˜er,64.0,82.0,Europe & Central Asia,Northern Europe,234.0,,,,,,,ğŸ‡«ğŸ‡´
FJI,FJ,242.0,Fiji,Fidji (les),Oceania,Fidschi,Fiji,Fidji,Figi,66.0,83.0,East Asia & Pacific,Melanesia,242.0,ÙÙŠØ¬ÙŠ,Fiji,Fiji,Fidji,Ğ¤Ğ¸Ğ´Ğ¶Ğ¸,æ–æµ,ğŸ‡«ğŸ‡¯
FIN,FI,246.0,Finland,Finlande (la),Europe,Finnland,Finland,Finlande,Finlandia,67.0,84.0,Europe & Central Asia,Northern Europe,246.0,ÙÙ†Ù„Ù†Ø¯Ø§,Finland,Finlandia,Finlande,Ğ¤Ğ¸Ğ½Ğ»ÑĞ½Ğ´Ğ¸Ñ,èŠ¬å…°,ğŸ‡«ğŸ‡®
FRA,FR,250.0,France,France (la),Europe,Frankreich,France,France,Francia,68.0,85.0,Europe & Central Asia,Western Europe,250.0,ÙØ±Ù†Ø³Ø§,France,Francia,France,Ğ¤Ñ€Ğ°Ğ½Ñ†Ğ¸Ñ,æ³•å›½,ğŸ‡«ğŸ‡·
GUF,GF,254.0,French Guiana,Guyane franÃ§aise (la ),Americas,FranzÃ¶sisch-Guayana,French Guiana,Guyane franÃ§aise,Guyana francese,69.0,86.0,Latin America & Caribbean,South America,254.0,,,,,,,ğŸ‡¬ğŸ‡«
PYF,PF,258.0,French Polynesia,PolynÃ©sie franÃ§aise (la),Oceania,FranzÃ¶sisch Polynesien,French Polynesia,PolynÃ©sie franÃ§aise,Polinesia francese,70.0,87.0,East Asia & Pacific,Polynesia,258.0,,,,,,,ğŸ‡µğŸ‡«
ATF,TF,260.0,French Southern Territories (the),Terres australes franÃ§aises (les),,FranzÃ¶sische SÃ¼dgebiete,French Southern Territories,Terres australes franÃ§aises,Terre australi francesi,71.0,88.0,,,260.0,,,,,,,ğŸ‡¹ğŸ‡«
GAB,GA,266.0,Gabon,Gabon (le),Africa,Gabun,Gabon,Gabon,Gabon,74.0,89.0,Sub-Saharan Africa,Middle Africa,266.0,ØºØ§Ø¨ÙˆÙ†,Gabon,GabÃ³n,Gabon,Ğ“Ğ°Ğ±Ğ¾Ğ½,åŠ è“¬,ğŸ‡¬ğŸ‡¦
GMB,GM,270.0,Gambia (the),Gambie (la),Africa,Gambia,Gambia,Gambie,Gambia,75.0,90.0,Sub-Saharan Africa,Western Africa,270.0,ØºØ§Ù…Ø¨ÙŠØ§,Gambia,Gambia,Gambie,Ğ“Ğ°Ğ¼Ğ±Ğ¸Ñ,å†ˆæ¯”äºš,ğŸ‡¬ğŸ‡²
GEO,GE,268.0,Georgia,GÃ©orgie (la),Asia,Georgien,Georgia,GÃ©orgie,Georgia,73.0,92.0,Europe & Central Asia,Western Asia,268.0,Ø¬ÙˆØ±Ø¬ÙŠØ§,Georgia,Georgia,GÃ©orgie,Ğ“Ñ€ÑƒĞ·Ğ¸Ñ,æ ¼é²å‰äºš,ğŸ‡¬ğŸ‡ª
,,,,,,Deutsche Demokratische Republik,German Democratic Republic,,,,,Europe & Central Asia,,,,,,,,,
DEU,DE,276.0,Germany,Allemagne (l'),Europe,Deutschland,Germany,Allemagne,Germania,79.0,93.0,Europe & Central Asia,Western Europe,276.0,Ø£Ù„Ù…Ø§Ù†ÙŠØ§,Germany,Alemania,Allemagne,Ğ“ĞµÑ€Ğ¼Ğ°Ğ½Ğ¸Ñ,å¾·å›½,ğŸ‡©ğŸ‡ª
GHA,GH,288.0,Ghana,Ghana (le),Africa,Ghana,Ghana,Ghana,Ghana,81.0,94.0,Sub-Saharan Africa,Western Africa,288.0,ØºØ§Ù†Ø§,Ghana,Ghana,Ghana,Ğ“Ğ°Ğ½Ğ°,åŠ çº³,ğŸ‡¬ğŸ‡­
GIB,GI,292.0,Gibraltar,Gibraltar,Europe,Gibraltar,Gibraltar,Gibraltar,Gibilterra,82.0,95.0,Europe & Central Asia,Southern Europe,292.0,,,,,,,ğŸ‡¬ğŸ‡®
GRC,GR,300.0,Greece,GrÃ¨ce (la),Europe,Griechenland,Greece,GrÃ¨ce,Grecia,84.0,97.0,Europe & Central Asia,Southern Europe,300.0,Ø§Ù„ÙŠÙˆÙ†Ø§Ù†,Greece,Grecia,GrÃ¨ce,Ğ“Ñ€ĞµÑ†Ğ¸Ñ,å¸Œè…Š,ğŸ‡¬ğŸ‡·
GRL,GL,304.0,Greenland,Groenland (le),Americas,GrÃ¶nland,Greenland,Groenland,Groenlandia,85.0,98.0,Europe & Central Asia,Northern America,304.0,,,,,,,ğŸ‡¬ğŸ‡±
GRD,GD,308.0,Grenada,Grenade (la),Americas,Grenada,Grenada,Grenade,Grenada,86.0,99.0,Latin America & Caribbean,Caribbean,308.0,ØºØ±ÙŠÙ†Ø§Ø¯Ø§,Grenada,Granada,Grenade,Ğ“Ñ€ĞµĞ½Ğ°Ğ´Ğ°,æ ¼æ—çº³è¾¾,ğŸ‡¬ğŸ‡©
GLP,GP,312.0,Guadeloupe,Guadeloupe (la),Americas,Guadeloupe,Guadeloupe,Guadeloupe,Guadalupa,87.0,100.0,Latin America & Caribbean,Caribbean,312.0,,,,,,,ğŸ‡¬ğŸ‡µ
GUM,GU,316.0,Guam,Guam,Oceania,Guam,Guam,Guam,Guam,88.0,101.0,East Asia & Pacific,Micronesia,316.0,,,,,,,ğŸ‡¬ğŸ‡º
GTM,GT,320.0,Guatemala,Guatemala (le),Americas,Guatemala,Guatemala,Guatemala,Guatemala,89.0,103.0,Latin America & Caribbean,Central America,320.0,ØºÙˆØ§ØªÙŠÙ…Ø§Ù„Ø§,Guatemala,Guatemala,Guatemala,Ğ“Ğ²Ğ°Ñ‚ĞµĞ¼Ğ°Ğ»Ğ°,å±åœ°é©¬æ‹‰,ğŸ‡¬ğŸ‡¹
GGY,GG,831.0,Guernsey,Guernesey,Europe,Guernsey,Guernsey,Guernesey,Guernsey,,104.0,Europe & Central Asia,Northern Europe,831.0,,,,,,,ğŸ‡¬ğŸ‡¬
GIN,GN,324.0,Guinea,GuinÃ©e (la),Africa,Guinea,Guinea,GuinÃ©e,Guinea,90.0,106.0,Sub-Saharan Africa,Western Africa,324.0,ØºÙŠÙ†ÙŠØ§,Guinea,Guinea,GuinÃ©e,Ğ“Ğ²Ğ¸Ğ½ĞµÑ,å‡ å†…äºš,ğŸ‡¬ğŸ‡³
GNB,GW,624.0,Guinea-Bissau,GuinÃ©e-Bissau (la),Africa,Guinea-Bissau,Guinea-Bissau,GuinÃ©e-Bissau,Guinea-Bissau,175.0,105.0,Sub-Saharan Africa,Western Africa,624.0,ØºÙŠÙ†ÙŠØ§-Ø¨ÙŠØ³Ø§Ùˆ,Guinea-Bissau,Guinea-Bissau,GuinÃ©e-Bissau,Ğ“Ğ²Ğ¸Ğ½ĞµÑ-Ğ‘Ğ¸ÑĞ°Ñƒ,å‡ å†…äºšæ¯”ç»,ğŸ‡¬ğŸ‡¼
GUY,GY,328.0,Guyana,Guyana (le),Americas,Guyana,Guyana,Guyana,Guyana,91.0,107.0,Latin America & Caribbean,South America,328.0,ØºÙŠØ§Ù†Ø§,Guyana,Guyana,Guyana,Ğ“Ğ°Ğ¹Ğ°Ğ½Ğ°,åœ­äºšé‚£,ğŸ‡¬ğŸ‡¾
HTI,HT,332.0,Haiti,HaÃ¯ti,Americas,Haiti,Haiti,HaÃ¯ti,Haiti,93.0,108.0,Latin America & Caribbean,Caribbean,332.0,Ù‡Ø§ÙŠØªÙŠ,Haiti,HaitÃ­,HaÃ¯ti,Ğ“Ğ°Ğ¸Ñ‚Ğ¸,æµ·åœ°,ğŸ‡­ğŸ‡¹
,,,,,,Hamburg,Hamburg,,,,,Europe & Central Asia,,,,,,,,,
,,,,,,Hannover,Hanover,,,,,Europe & Central Asia,,,,,,,,,
HMD,HM,334.0,Heard Island and McDonald Islands,Heard-et-Ãles MacDonald (l'Ãle),,Heard und McDonaldinseln,Heard & McDonald Islands,Ãles Heard et McDonald,Isole Heard e McDonald,,109.0,East Asia & Pacific,,334.0,,,,,,,ğŸ‡­ğŸ‡²
,,,,,,KurfÃ¼rstentum Hessen,Hesse Electoral,,,,,Europe & Central Asia,,,,,,,,,
,,,,,,GroÃŸherzogtum Hessen,Hesse Grand Ducal,,,,,Europe & Central Asia,,,,,,,,,
,,,,,,Hessen-Darmstadt,Hesse-Darmstadt,,,,,Europe & Central Asia,,,,,,,,,
,,,,,,Hessen-Kassel,Hesse-Kassel,,,,,Europe & Central Asia,,,,,,,,,
HND,HN,340.0,Honduras,Honduras (le),Americas,Honduras,Honduras,Honduras,Honduras,95.0,111.0,Latin America & Caribbean,Central America,340.0,Ù‡Ù†Ø¯ÙˆØ±Ø§Ø³,Honduras,Honduras,Honduras,Ğ“Ğ¾Ğ½Ğ´ÑƒÑ€Ğ°Ñ,æ´ªéƒ½æ‹‰æ–¯,ğŸ‡­ğŸ‡³
HKG,HK,344.0,Hong Kong,Hong Kong,Asia,Hongkong,Hong Kong SAR China,R.A.S. chinoise de Hong Kong,RAS di Hong Kong,96.0,33364.0,East Asia & Pacific,Eastern Asia,344.0,,,,,,,ğŸ‡­ğŸ‡°
HUN,HU,348.0,Hungary,Hongrie (la),Europe,Ungarn,Hungary,Hongrie,Ungheria,97.0,113.0,Europe & Central Asia,Eastern Europe,348.0,Ù‡Ù†ØºØ§Ø±ÙŠØ§,Hungary,HungrÃ­a,Hongrie,Ğ’ĞµĞ½Ğ³Ñ€Ğ¸Ñ,åŒˆç‰™åˆ©,ğŸ‡­ğŸ‡º
ISL,IS,352.0,Iceland,Islande (l'),Europe,Island,Iceland,Islande,Islanda,99.0,114.0,Europe & Central Asia,Northern Europe,352.0,Ø¢ÙŠØ³Ù„Ù†Ø¯Ø§,Iceland,Islandia,Islande,Ğ˜ÑĞ»Ğ°Ğ½Ğ´Ğ¸Ñ,å†°å²›,ğŸ‡®ğŸ‡¸
IND,IN,356.0,India,Inde (l'),Asia,Indien,India,Inde,India,100.0,115.0,South Asia,Southern Asia,356.0,Ø§Ù„Ù‡Ù†Ø¯,India,India,Inde,Ğ˜Ğ½Ğ´Ğ¸Ñ,å°åº¦,ğŸ‡®ğŸ‡³
IDN,ID,360.0,Indonesia,IndonÃ©sie (l'),Asia,Indonesien,Indonesia,IndonÃ©sie,Indonesia,101.0,116.0,East Asia & Pacific,South-Eastern Asia,360.0,Ø¥Ù†Ø¯ÙˆÙ†ÙŠØ³ÙŠØ§,Indonesia,Indonesia,IndonÃ©sie,Ğ˜Ğ½Ğ´Ğ¾Ğ½ĞµĞ·Ğ¸Ñ,å°åº¦å°¼è¥¿äºš,ğŸ‡®ğŸ‡©
IRN,IR,364.0,Iran (Islamic Republic of),Iran (RÃ©publique Islamique d'),Asia,Iran,Iran,Iran,Iran,102.0,117.0,Middle East & North Africa,Southern Asia,364.0,Ø¥ÙŠØ±Ø§Ù† (Ø¬Ù…Ù‡ÙˆØ±ÙŠØ© - Ø¥Ø³Ù„Ø§Ù…ÙŠØ©),Iran (Islamic Republic of),IrÃ¡n (RepÃºblica IslÃ¡mica del),Iran (RÃ©publique islamique dâ€™),Ğ˜Ñ€Ğ°Ğ½ (Ğ˜ÑĞ»Ğ°Ğ¼ÑĞºĞ°Ñ Ğ ĞµÑĞ¿ÑƒĞ±Ğ»Ğ¸ĞºĞ°),ä¼Šæœ—ï¼ˆä¼Šæ–¯å…°å…±å’Œå›½ï¼‰,ğŸ‡®ğŸ‡·
IRQ,IQ,368.0,Iraq,Iraq (l'),Asia,Irak,Iraq,Irak,Iraq,103.0,118.0,Middle East & North Africa,Western Asia,368.0,Ø§Ù„Ø¹Ø±Ø§Ù‚,Iraq,Iraq,Iraq,Ğ˜Ñ€Ğ°Ğº,ä¼Šæ‹‰å…‹,ğŸ‡®ğŸ‡¶
IRL,IE,372.0,Ireland,Irlande (l'),Europe,Irland,Ireland,Irlande,Irlanda,104.0,119.0,Europe & Central Asia,Northern Europe,372.0,Ø£ÙŠØ±Ù„Ù†Ø¯Ø§,Ireland,Irlanda,Irlande,Ğ˜Ñ€Ğ»Ğ°Ğ½Ğ´Ğ¸Ñ,çˆ±å°”å…°,ğŸ‡®ğŸ‡ª
IMN,IM,833.0,Isle of Man,Ãle de Man,Europe,Isle of Man,Isle of Man,Ãle de Man,Isola di Man,264.0,120.0,Europe & Central Asia,Northern Europe,833.0,,,,,,,ğŸ‡®ğŸ‡²
ISR,IL,376.0,Israel,IsraÃ«l,Asia,Israel,Israel,IsraÃ«l,Israele,105.0,121.0,Middle East & North Africa,Western Asia,376.0,Ø¥Ø³Ø±Ø§Ø¦ÙŠÙ„,Israel,Israel,IsraÃ«l,Ğ˜Ğ·Ñ€Ğ°Ğ¸Ğ»ÑŒ,ä»¥è‰²åˆ—,ğŸ‡®ğŸ‡±
ITA,IT,380.0,Italy,Italie (l'),Europe,Italien,Italy,Italie,Italia,106.0,122.0,Europe & Central Asia,Southern Europe,380.0,Ø¥ÙŠØ·Ø§Ù„ÙŠØ§,Italy,Italia,Italie,Ğ˜Ñ‚Ğ°Ğ»Ğ¸Ñ,æ„å¤§åˆ©,ğŸ‡®ğŸ‡¹
JAM,JM,388.0,Jamaica,JamaÃ¯que (la),Americas,Jamaika,Jamaica,JamaÃ¯que,Giamaica,109.0,123.0,Latin America & Caribbean,Caribbean,388.0,Ø¬Ø§Ù…Ø§ÙŠÙƒØ§,Jamaica,Jamaica,JamaÃ¯que,Ğ¯Ğ¼Ğ°Ğ¹ĞºĞ°,ç‰™ä¹°åŠ ,ğŸ‡¯ğŸ‡²
JPN,JP,392.0,Japan,Japon (le),Asia,Japan,Japan,Japon,Giappone,110.0,126.0,East Asia & Pacific,Eastern Asia,392.0,Ø§Ù„ÙŠØ§Ø¨Ø§Ù†,Japan,JapÃ³n,Japon,Ğ¯Ğ¿Ğ¾Ğ½Ğ¸Ñ,æ—¥æœ¬,ğŸ‡¯ğŸ‡µ
JEY,JE,832.0,Jersey,Jersey,Europe,Jersey,Jersey,Jersey,Jersey,283.0,128.0,Europe & Central Asia,Northern Europe,832.0,,,,,,,ğŸ‡¯ğŸ‡ª
JOR,JO,400.0,Jordan,Jordanie (la),Asia,Jordanien,Jordan,Jordanie,Giordania,112.0,130.0,Middle East & North Africa,Western Asia,400.0,Ø§Ù„Ø£Ø±Ø¯Ù†,Jordan,Jordania,Jordanie,Ğ˜Ğ¾Ñ€Ğ´Ğ°Ğ½Ğ¸Ñ,çº¦æ—¦,ğŸ‡¯ğŸ‡´
KAZ,KZ,398.0,Kazakhstan,Kazakhstan (le),Asia,Kasachstan,Kazakhstan,Kazakhstan,Kazakistan,108.0,132.0,Europe & Central Asia,Central Asia,398.0,ÙƒØ§Ø²Ø§Ø®Ø³ØªØ§Ù†,Kazakhstan,KazajstÃ¡n,Kazakhstan,ĞšĞ°Ğ·Ğ°Ñ…ÑÑ‚Ğ°Ğ½,å“ˆè¨å…‹æ–¯å¦,ğŸ‡°ğŸ‡¿
KEN,KE,404.0,Kenya,Kenya (le),Africa,Kenia,Kenya,Kenya,Kenya,114.0,133.0,Sub-Saharan Africa,Eastern Africa,404.0,ÙƒÙŠÙ†ÙŠØ§,Kenya,Kenya,Kenya,ĞšĞµĞ½Ğ¸Ñ,è‚¯å°¼äºš,ğŸ‡°ğŸ‡ª
KIR,KI,296.0,Kiribati,Kiribati,Oceania,Kiribati,Kiribati,Kiribati,Kiribati,83.0,135.0,East Asia & Pacific,Micronesia,296.0,ÙƒÙŠØ±ÙŠØ¨Ø§Ø³,Kiribati,Kiribati,Kiribati,ĞšĞ¸Ñ€Ğ¸Ğ±Ğ°Ñ‚Ğ¸,åŸºé‡Œå·´æ–¯,ğŸ‡°ğŸ‡®
,,,,,,Kosovo,Kosovo,Kosovo,Kosovo,,,Europe & Central Asia,,,,,,,,,ğŸ‡½ğŸ‡°
KWT,KW,414.0,Kuwait,KoweÃ¯t (le),Asia,Kuwait,Kuwait,KoweÃ¯t,Kuwait,118.0,137.0,Middle East & North Africa,Western Asia,414.0,Ø§Ù„ÙƒÙˆÙŠØª,Kuwait,Kuwait,KoweÃ¯t,ĞšÑƒĞ²ĞµĞ¹Ñ‚,ç§‘å¨ç‰¹,ğŸ‡°ğŸ‡¼
KGZ,KG,417.0,Kyrgyzstan,Kirghizistan (le),Asia,Kirgisistan,Kyrgyzstan,Kirghizistan,Kirghizistan,113.0,138.0,Europe & Central Asia,Central Asia,417.0,Ù‚ÙŠØ±ØºÙŠØ²Ø³ØªØ§Ù†,Kyrgyzstan,KirguistÃ¡n,Kirghizistan,ĞšÑ‹Ñ€Ğ³Ñ‹Ğ·ÑÑ‚Ğ°Ğ½,å‰å°”å‰æ–¯æ–¯å¦,ğŸ‡°ğŸ‡¬
LAO,LA,418.0,Lao People's Democratic Republic (the),Lao (la RÃ©publique dÃ©mocratique populaire),Asia,Demokratische Volksrepublik Laos,Laos,Laos,Laos,120.0,139.0,East Asia & Pacific,South-Eastern Asia,418.0,Ø¬Ù…Ù‡ÙˆØ±ÙŠØ© Ù„Ø§Ùˆ Ø§Ù„Ø¯ÙŠÙ…Ù‚Ø±Ø§Ø·ÙŠØ© Ø§Ù„Ø´Ø¹Ø¨ÙŠØ©,Lao Peopleâ€™s Democratic Republic,RepÃºblica DemocrÃ¡tica Popular Lao,RÃ©publique dÃ©mocratique populaire lao,Ğ›Ğ°Ğ¾ÑÑĞºĞ°Ñ ĞĞ°Ñ€Ğ¾Ğ´Ğ½Ğ¾-Ğ”ĞµĞ¼Ğ¾ĞºÑ€Ğ°Ñ‚Ğ¸Ñ‡ĞµÑĞºĞ°Ñ Ğ ĞµÑĞ¿ÑƒĞ±Ğ»Ğ¸ĞºĞ°,è€æŒäººæ°‘æ°‘ä¸»å…±å’Œå›½,ğŸ‡±ğŸ‡¦
LVA,LV,428.0,Latvia,Lettonie (la),Europe,Lettland,Latvia,Lettonie,Lettonia,119.0,140.0,Europe & Central Asia,Northern Europe,428.0,Ù„Ø§ØªÙÙŠØ§,Latvia,Letonia,Lettonie,Ğ›Ğ°Ñ‚Ğ²Ğ¸Ñ,æ‹‰è„±ç»´äºš,ğŸ‡±ğŸ‡»
LBN,LB,422.0,Lebanon,Liban (le),Asia,Libanon,Lebanon,Liban,Libano,121.0,141.0,Middle East & North Africa,Western Asia,422.0,Ù„Ø¨Ù†Ø§Ù†,Lebanon,LÃ­bano,Liban,Ğ›Ğ¸Ğ²Ğ°Ğ½,é»å·´å«©,ğŸ‡±ğŸ‡§
LSO,LS,426.0,Lesotho,Lesotho (le),Africa,Lesotho,Lesotho,Lesotho,Lesotho,122.0,142.0,Sub-Saharan Africa,Southern Africa,426.0,Ù„ÙŠØ³ÙˆØªÙˆ,Lesotho,Lesotho,Lesotho,Ğ›ĞµÑĞ¾Ñ‚Ğ¾,è±ç´¢æ‰˜,ğŸ‡±ğŸ‡¸
LBR,LR,430.0,Liberia,LibÃ©ria (le),Africa,Liberia,Liberia,LibÃ©ria,Liberia,123.0,144.0,Sub-Saharan Africa,Western Africa,430.0,Ù„ÙŠØ¨Ø±ÙŠØ§,Liberia,Liberia,LibÃ©ria,Ğ›Ğ¸Ğ±ĞµÑ€Ğ¸Ñ,åˆ©æ¯”é‡Œäºš,ğŸ‡±ğŸ‡·
LBY,LY,434.0,Libya,Libye (la),Africa,Libyen,Libya,Libye,Libia,124.0,145.0,Middle East & North Africa,Northern Africa,434.0,Ù„ÙŠØ¨ÙŠØ§,Libya,Libia,Libye,Ğ›Ğ¸Ğ²Ğ¸Ñ,åˆ©æ¯”äºš,ğŸ‡±ğŸ‡¾
LIE,LI,438.0,Liechtenstein,Liechtenstein (le),Europe,Liechtenstein,Liechtenstein,Liechtenstein,Liechtenstein,125.0,146.0,Europe & Central Asia,Western Europe,438.0,Ù„ÙŠØ®ØªÙ†Ø´ØªØ§ÙŠÙ†,Liechtenstein,Liechtenstein,Liechtenstein,Ğ›Ğ¸Ñ…Ñ‚ĞµĞ½ÑˆÑ‚ĞµĞ¹Ğ½,åˆ—æ”¯æ•¦å£«ç™»,ğŸ‡±ğŸ‡®
LTU,LT,440.0,Lithuania,Lituanie (la),Europe,Litauen,Lithuania,Lituanie,Lituania,126.0,147.0,Europe & Central Asia,Northern Europe,440.0,Ù„ÙŠØªÙˆØ§Ù†ÙŠØ§,Lithuania,Lituania,Lituanie,Ğ›Ğ¸Ñ‚Ğ²Ğ°,ç«‹é™¶å®›,ğŸ‡±ğŸ‡¹
LUX,LU,442.0,Luxembourg,Luxembourg (le),Europe,Luxemburg,Luxembourg,Luxembourg,Lussemburgo,256.0,148.0,Europe & Central Asia,Western Europe,442.0,Ù„ÙƒØ³Ù…Ø¨Ø±Øº,Luxembourg,Luxemburgo,Luxembourg,Ğ›ÑĞºÑĞµĞ¼Ğ±ÑƒÑ€Ğ³,å¢æ£®å ¡,ğŸ‡±ğŸ‡º
MAC,MO,446.0,Macao,Macao,Asia,Macao,Macao SAR China,R.A.S. chinoise de Macao,RAS di Macao,128.0,149.0,East Asia & Pacific,Eastern Asia,446.0,,,,,,,ğŸ‡²ğŸ‡´
MDG,MG,450.0,Madagascar,Madagascar,Africa,Madagaskar,Madagascar,Madagascar,Madagascar,129.0,150.0,Sub-Saharan Africa,Eastern Africa,450.0,Ù…Ø¯ØºØ´Ù‚Ø±,Madagascar,Madagascar,Madagascar,ĞœĞ°Ğ´Ğ°Ğ³Ğ°ÑĞºĞ°Ñ€,é©¬è¾¾åŠ æ–¯åŠ ,ğŸ‡²ğŸ‡¬
MWI,MW,454.0,Malawi,Malawi (le),Africa,Malawi,Malawi,Malawi,Malawi,130.0,152.0,Sub-Saharan Africa,Eastern Africa,454.0,Ù…Ù„Ø§ÙˆÙŠ,Malawi,Malawi,Malawi,ĞœĞ°Ğ»Ğ°Ğ²Ğ¸,é©¬æ‹‰ç»´,ğŸ‡²ğŸ‡¼
MYS,MY,458.0,Malaysia,Malaisie (la),Asia,Malaysia,Malaysia,Malaisie,Malaysia,131.0,153.0,East Asia & Pacific,South-Eastern Asia,458.0,Ù…Ø§Ù„ÙŠØ²ÙŠØ§,Malaysia,Malasia,Malaisie,ĞœĞ°Ğ»Ğ°Ğ¹Ğ·Ğ¸Ñ,é©¬æ¥è¥¿äºš,ğŸ‡²ğŸ‡¾
MDV,MV,462.0,Maldives,Maldives (les),Asia,Malediven,Maldives,Maldives,Maldive,132.0,154.0,South Asia,Southern Asia,462.0,Ù…Ù„Ø¯ÙŠÙ,Maldives,Maldivas,Maldives,ĞœĞ°Ğ»ÑŒĞ´Ğ¸Ğ²ÑĞºĞ¸Ğµ ĞÑÑ‚Ñ€Ğ¾Ğ²Ğ°,é©¬å°”ä»£å¤«,ğŸ‡²ğŸ‡»
MLI,ML,466.0,Mali,Mali (le),Africa,Mali,Mali,Mali,Mali,133.0,155.0,Sub-Saharan Africa,Western Africa,466.0,Ù…Ø§Ù„ÙŠ,Mali,MalÃ­,Mali,ĞœĞ°Ğ»Ğ¸,é©¬é‡Œ,ğŸ‡²ğŸ‡±
MLT,MT,470.0,Malta,Malte,Europe,Malta,Malta,Malte,Malta,134.0,156.0,Middle East & North Africa,Southern Europe,470.0,Ù…Ø§Ù„Ø·Ø©,Malta,Malta,Malte,ĞœĞ°Ğ»ÑŒÑ‚Ğ°,é©¬è€³ä»–,ğŸ‡²ğŸ‡¹
MHL,MH,584.0,Marshall Islands (the),Marshall (les Ãles),Oceania,Marshallinseln,Marshall Islands,Ãles Marshall,Isole Marshall,127.0,157.0,East Asia & Pacific,Micronesia,584.0,Ø¬Ø²Ø± Ù…Ø§Ø±Ø´Ø§Ù„,Marshall Islands,Islas Marshall,Ãles Marshall,ĞœĞ°Ñ€ÑˆĞ°Ğ»Ğ»Ğ¾Ğ²Ñ‹ ĞÑÑ‚Ñ€Ğ¾Ğ²Ğ°,é©¬ç»å°”ç¾¤å²›,ğŸ‡²ğŸ‡­
MTQ,MQ,474.0,Martinique,Martinique (la),Americas,Martinique,Martinique,Martinique,Martinica,135.0,158.0,Latin America & Caribbean,Caribbean,474.0,,,,,,,ğŸ‡²ğŸ‡¶
MRT,MR,478.0,Mauritania,Mauritanie (la),Africa,Mauretanien,Mauritania,Mauritanie,Mauritania,136.0,159.0,Sub-Saharan Africa,Western Africa,478.0,Ù…ÙˆØ±ÙŠØªØ§Ù†ÙŠØ§,Mauritania,Mauritania,Mauritanie,ĞœĞ°Ğ²Ñ€Ğ¸Ñ‚Ğ°Ğ½Ğ¸Ñ,æ¯›é‡Œå¡”å°¼äºš,ğŸ‡²ğŸ‡·
MUS,MU,480.0,Mauritius,Maurice,Africa,Mauritius,Mauritius,Maurice,Mauritius,137.0,160.0,Sub-Saharan Africa,Eastern Africa,480.0,Ù…ÙˆØ±ÙŠØ´ÙŠÙˆØ³,Mauritius,Mauricio,Maurice,ĞœĞ°Ğ²Ñ€Ğ¸ĞºĞ¸Ğ¹,æ¯›é‡Œæ±‚æ–¯,ğŸ‡²ğŸ‡º
MYT,YT,175.0,Mayotte,Mayotte,Africa,Mayotte,Mayotte,Mayotte,Mayotte,270.0,161.0,,Eastern Africa,175.0,,,,,,,ğŸ‡¾ğŸ‡¹
,,,,,,Mecklenburg-Schwerin,Mecklenburg Schwerin,,,,,Europe & Central Asia,,,,,,,,,
MEX,MX,484.0,Mexico,Mexique (le),Americas,Mexiko,Mexico,Mexique,Messico,138.0,162.0,Latin America & Caribbean,Central America,484.0,Ø§Ù„Ù…ÙƒØ³ÙŠÙƒ,Mexico,MÃ©xico,Mexique,ĞœĞµĞºÑĞ¸ĞºĞ°,å¢¨è¥¿å“¥,ğŸ‡²ğŸ‡½
FSM,FM,583.0,Micronesia (Federated States of),MicronÃ©sie (Ã‰tats fÃ©dÃ©rÃ©s de),Oceania,Mikronesien,Micronesia (Federated States of),MicronÃ©sie (Ã‰tats fÃ©dÃ©rÃ©s de),,145.0,163.0,East Asia & Pacific,Micronesia,583.0,Ù…ÙŠÙƒØ±ÙˆÙ†ÙŠØ²ÙŠØ§ (ÙˆÙ„Ø§ÙŠØ§Øª Ù€Ù€ Ø§Ù„Ù…ÙˆØ­Ø¯Ø©),Micronesia (Federated States of),Micronesia (Estados Federados de),MicronÃ©sie (Ã‰tats fÃ©dÃ©rÃ©s de),ĞœĞ¸ĞºÑ€Ğ¾Ğ½ĞµĞ·Ğ¸Ñ (Ğ¤ĞµĞ´ĞµÑ€Ğ°Ñ‚Ğ¸Ğ²Ğ½Ñ‹Ğµ Ğ¨Ñ‚Ğ°Ñ‚Ñ‹),å¯†å…‹ç½—å°¼è¥¿äºš (è”é‚¦),ğŸ‡«ğŸ‡²
,,,,,,Modena,Modena,,,,,Europe & Central Asia,,,,,,,,,
MDA,MD,498.0,Moldova (the Republic of),Moldova (la RÃ©publique de),Europe,Republik Moldau,Moldova,Moldavie,Moldavia,146.0,165.0,Europe & Central Asia,Eastern Europe,498.0,Ø¬Ù…Ù‡ÙˆØ±ÙŠØ© Ù…ÙˆÙ„Ø¯ÙˆÙØ§,Republic of Moldova,RepÃºblica de Moldova,RÃ©publique de Moldova,Ğ ĞµÑĞ¿ÑƒĞ±Ğ»Ğ¸ĞºĞ° ĞœĞ¾Ğ»Ğ´Ğ¾Ğ²Ğ°,æ‘©å°”å¤šç“¦å…±å’Œå›½,ğŸ‡²ğŸ‡©
MCO,MC,492.0,Monaco,Monaco,Europe,Monaco,Monaco,Monaco,Monaco,140.0,166.0,Europe & Central Asia,Western Europe,492.0,Ù…ÙˆÙ†Ø§ÙƒÙˆ,Monaco,MÃ³naco,Monaco,ĞœĞ¾Ğ½Ğ°ĞºĞ¾,æ‘©çº³å“¥,ğŸ‡²ğŸ‡¨
MNG,MN,496.0,Mongolia,Mongolie (la),Asia,Mongolei,Mongolia,Mongolie,Mongolia,141.0,167.0,East Asia & Pacific,Eastern Asia,496.0,Ù…Ù†ØºÙˆÙ„ÙŠØ§,Mongolia,Mongolia,Mongolie,ĞœĞ¾Ğ½Ğ³Ğ¾Ğ»Ğ¸Ñ,è’™å¤,ğŸ‡²ğŸ‡³
MNE,ME,499.0,Montenegro,MontÃ©nÃ©gro (le),Europe,Montenegro,Montenegro,MontÃ©nÃ©gro,Montenegro,273.0,2647.0,Europe & Central Asia,Southern Europe,499.0,Ø§Ù„Ø¬Ø¨Ù„ Ø§Ù„Ø£Ø³ÙˆØ¯,Montenegro,Montenegro,MontÃ©nÃ©gro,Ğ§ĞµÑ€Ğ½Ğ¾Ğ³Ğ¾Ñ€Ğ¸Ñ,é»‘å±±,ğŸ‡²ğŸ‡ª
MSR,MS,500.0,Montserrat,Montserrat,Americas,Montserrat,Montserrat,Montserrat,Montserrat,142.0,168.0,Latin America & Caribbean,Caribbean,500.0,,,,,,,ğŸ‡²ğŸ‡¸
MAR,MA,504.0,Morocco,Maroc (le),Africa,Marokko,Morocco,Maroc,Marocco,143.0,169.0,Middle East & North Africa,Northern Africa,504.0,Ø§Ù„Ù…ØºØ±Ø¨,Morocco,Marruecos,Maroc,ĞœĞ°Ñ€Ğ¾ĞºĞºĞ¾,æ‘©æ´›å“¥,ğŸ‡²ğŸ‡¦
MOZ,MZ,508.0,Mozambique,Mozambique (le),Africa,Mosambik,Mozambique,Mozambique,Mozambico,144.0,170.0,Sub-Saharan Africa,Eastern Africa,508.0,Ù…ÙˆØ²Ø§Ù…Ø¨ÙŠÙ‚,Mozambique,Mozambique,Mozambique,ĞœĞ¾Ğ·Ğ°Ğ¼Ğ±Ğ¸Ğº,è«æ¡‘æ¯”å…‹,ğŸ‡²ğŸ‡¿
MMR,MM,104.0,Myanmar,Myanmar (le),Asia,Myanmar,Myanmar (Burma),Myanmar (Birmanie),Myanmar (Birmania),28.0,171.0,East Asia & Pacific,South-Eastern Asia,104.0,Ù…ÙŠØ§Ù†Ù…Ø§Ø±,Myanmar,Myanmar,Myanmar,ĞœÑŒÑĞ½Ğ¼Ğ°,ç¼…ç”¸,ğŸ‡²ğŸ‡²
NAM,,516.0,Namibia,Namibie (la),Africa,Namibia,Namibia,Namibie,Namibia,147.0,172.0,Sub-Saharan Africa,Southern Africa,516.0,Ù†Ø§Ù…ÙŠØ¨ÙŠØ§,Namibia,Namibia,Namibie,ĞĞ°Ğ¼Ğ¸Ğ±Ğ¸Ñ,çº³ç±³æ¯”äºš,ğŸ‡³ğŸ‡¦
,,,,,,Nassau,Nassau,,,,,Latin America & Caribbean,,,,,,,,,
NRU,NR,520.0,Nauru,Nauru,Oceania,Nauru,Nauru,Nauru,Nauru,148.0,173.0,East Asia & Pacific,Micronesia,520.0,Ù†Ø§ÙˆØ±Ùˆ,Nauru,Nauru,Nauru,ĞĞ°ÑƒÑ€Ñƒ,ç‘™é²,ğŸ‡³ğŸ‡·
NPL,NP,524.0,Nepal,NÃ©pal (le),Asia,Nepal,Nepal,NÃ©pal,Nepal,149.0,175.0,South Asia,Southern Asia,524.0,Ù†ÙŠØ¨Ø§Ù„,Nepal,Nepal,NÃ©pal,ĞĞµĞ¿Ğ°Ğ»,å°¼æ³Šå°”,ğŸ‡³ğŸ‡µ
NLD,NL,528.0,Netherlands (the),Pays-Bas (les),Europe,Niederlande,Netherlands,Pays-Bas,Paesi Bassi,150.0,177.0,Europe & Central Asia,Western Europe,528.0,Ù‡ÙˆÙ„Ù†Ø¯Ø§,Netherlands,PaÃ­ses Bajos,Pays-Bas,ĞĞ¸Ğ´ĞµÑ€Ğ»Ğ°Ğ½Ğ´Ñ‹,è·å…°,ğŸ‡³ğŸ‡±
,,,,,Americas,NiederlÃ¤ndische Antillen,Netherlands Antilles,,,151.0,176.0,Latin America & Caribbean,Caribbean,,,,,,,,
NCL,NC,540.0,New Caledonia,Nouvelle-CalÃ©donie (la),Oceania,Neukaledonien,New Caledonia,Nouvelle-CalÃ©donie,Nuova Caledonia,153.0,178.0,East Asia & Pacific,Melanesia,540.0,,,,,,,ğŸ‡³ğŸ‡¨
NZL,NZ,554.0,New Zealand,Nouvelle-ZÃ©lande (la),Oceania,Neuseeland,New Zealand,Nouvelle-ZÃ©lande,Nuova Zelanda,156.0,179.0,East Asia & Pacific,Australia and New Zealand,554.0,Ù†ÙŠÙˆØ²ÙŠÙ„Ù†Ø¯Ø§,New Zealand,Nueva Zelandia,Nouvelle-ZÃ©lande,ĞĞ¾Ğ²Ğ°Ñ Ğ—ĞµĞ»Ğ°Ğ½Ğ´Ğ¸Ñ,æ–°è¥¿å…°,ğŸ‡³ğŸ‡¿
NIC,NI,558.0,Nicaragua,Nicaragua (le),Americas,Nicaragua,Nicaragua,Nicaragua,Nicaragua,157.0,180.0,Latin America & Caribbean,Central America,558.0,Ù†ÙŠÙƒØ§Ø±Ø§ØºÙˆØ§,Nicaragua,Nicaragua,Nicaragua,ĞĞ¸ĞºĞ°Ñ€Ğ°Ğ³ÑƒĞ°,å°¼åŠ æ‹‰ç“œ,ğŸ‡³ğŸ‡®
NER,NE,562.0,Niger (the),Niger (le),Africa,Niger,Niger,Niger,Niger,158.0,181.0,Sub-Saharan Africa,Western Africa,562.0,Ø§Ù„Ù†ÙŠØ¬Ø±,Niger,NÃ­ger,Niger,ĞĞ¸Ğ³ĞµÑ€,å°¼æ—¥å°”,ğŸ‡³ğŸ‡ª
NGA,NG,566.0,Nigeria,NigÃ©ria (le),Africa,Nigeria,Nigeria,NigÃ©ria,Nigeria,159.0,182.0,Sub-Saharan Africa,Western Africa,566.0,Ù†ÙŠØ¬ÙŠØ±ÙŠØ§,Nigeria,Nigeria,NigÃ©ria,ĞĞ¸Ğ³ĞµÑ€Ğ¸Ñ,å°¼æ—¥åˆ©äºš,ğŸ‡³ğŸ‡¬
NIU,NU,570.0,Niue,Niue,Oceania,Niue,Niue,Niue,Niue,160.0,183.0,East Asia & Pacific,Polynesia,570.0,,,,,,,ğŸ‡³ğŸ‡º
NFK,NF,574.0,Norfolk Island,Norfolk (l'Ãle),Oceania,Norfolk-Insel,Norfolk Island,Ãle Norfolk,Isola Norfolk,161.0,184.0,East Asia & Pacific,Australia and New Zealand,574.0,,,,,,,ğŸ‡³ğŸ‡«
PRK,KP,408.0,Korea (the Democratic People's Republic of),CorÃ©e (la RÃ©publique populaire dÃ©mocratique de),Asia,"Korea, Demokratische Volksrepublik",North Korea,CorÃ©e du Nord,Corea del Nord,116.0,67.0,East Asia & Pacific,Eastern Asia,408.0,Ø¬Ù…Ù‡ÙˆØ±ÙŠØ© ÙƒÙˆØ±ÙŠØ§ Ø§Ù„Ø´Ø¹Ø¨ÙŠØ© Ø§Ù„Ø¯ÙŠÙ…Ù‚Ø±Ø§Ø·ÙŠØ©,Democratic Peopleâ€™s Republic of Korea,RepÃºblica Popular DemocrÃ¡tica de Corea,RÃ©publique populaire dÃ©mocratique de CorÃ©e,ĞšĞ¾Ñ€ĞµĞ¹ÑĞºĞ°Ñ ĞĞ°Ñ€Ğ¾Ğ´Ğ½Ğ¾-Ğ”ĞµĞ¼Ğ¾ĞºÑ€Ğ°Ñ‚Ğ¸Ñ‡ĞµÑĞºĞ°Ñ Ğ ĞµÑĞ¿ÑƒĞ±Ğ»Ğ¸ĞºĞ°,æœé²œæ°‘ä¸»ä¸»ä¹‰äººæ°‘å…±å’Œå›½,ğŸ‡°ğŸ‡µ
MKD,MK,807.0,North Macedonia,MacÃ©doine du Nord (la),Europe,Nordmazedonien,North Macedonia,MacÃ©doine du Nord,Macedonia del Nord,154.0,241.0,Europe & Central Asia,Southern Europe,807.0,Ù…Ù‚Ø¯ÙˆÙ†ÙŠØ§ Ø§Ù„Ø´Ù…Ø§Ù„ÙŠØ©,North Macedonia,Macedonia del Norte,MacÃ©doine du Nord,Ğ¡ĞµĞ²ĞµÑ€Ğ½Ğ°Ñ ĞœĞ°ĞºĞµĞ´Ğ¾Ğ½Ğ¸Ñ,åŒ—é©¬å…¶é¡¿,ğŸ‡²ğŸ‡°
MNP,MP,580.0,Northern Mariana Islands (the),Mariannes du Nord (les Ãles),Oceania,NÃ¶rdliche Marianen,Northern Mariana Islands,Ãles Mariannes du Nord,Isole Marianne settentrionali,163.0,185.0,East Asia & Pacific,Micronesia,580.0,,,,,,,ğŸ‡²ğŸ‡µ
NOR,NO,578.0,Norway,NorvÃ¨ge (la),Europe,Norwegen,Norway,NorvÃ¨ge,Norvegia,162.0,186.0,Europe & Central Asia,Northern Europe,578.0,Ø§Ù„Ù†Ø±ÙˆÙŠØ¬,Norway,Noruega,NorvÃ¨ge,ĞĞ¾Ñ€Ğ²ĞµĞ³Ğ¸Ñ,æŒªå¨,ğŸ‡³ğŸ‡´
,,,,,,Oldenburg,Oldenburg,,,,,Europe & Central Asia,,,,,,,,,
OMN,OM,512.0,Oman,Oman,Asia,Oman,Oman,Oman,Oman,221.0,187.0,Middle East & North Africa,Western Asia,512.0,Ø¹Ù…Ø§Ù†,Oman,OmÃ¡n,Oman,ĞĞ¼Ğ°Ğ½,é˜¿æ›¼,ğŸ‡´ğŸ‡²
,,,,,,Oranje-Freistaat,Orange Free State,,,,,,,,,,,,,,
PAK,PK,586.0,Pakistan,Pakistan (le),Asia,Pakistan,Pakistan,Pakistan,Pakistan,165.0,188.0,South Asia,Southern Asia,586.0,Ø¨Ø§ÙƒØ³ØªØ§Ù†,Pakistan,PakistÃ¡n,Pakistan,ĞŸĞ°ĞºĞ¸ÑÑ‚Ğ°Ğ½,å·´åŸºæ–¯å¦,ğŸ‡µğŸ‡°
PLW,PW,585.0,Palau,Palaos (les),Oceania,Palau,Palau,Palaos,Palau,180.0,189.0,East Asia & Pacific,Micronesia,585.0,Ø¨Ø§Ù„Ø§Ùˆ,Palau,Palau,Palaos,ĞŸĞ°Ğ»Ğ°Ñƒ,å¸•åŠ³,ğŸ‡µğŸ‡¼
PSE,PS,275.0,"Palestine, State of","Palestine, Ã‰tat de",Asia,PalÃ¤stina,Palestinian Territories,Territoires palestiniens,Territori palestinesi,,,Middle East & North Africa,Western Asia,275.0,,,,,,,ğŸ‡µğŸ‡¸
PAN,PA,591.0,Panama,Panama (le),Americas,Panama,Panama,Panama,PanamÃ¡,166.0,191.0,Latin America & Caribbean,Central America,591.0,Ø¨Ù†Ù…Ø§,Panama,PanamÃ¡,Panama,ĞŸĞ°Ğ½Ğ°Ğ¼Ğ°,å·´æ‹¿é©¬,ğŸ‡µğŸ‡¦
PNG,PG,598.0,Papua New Guinea,Papouasie-Nouvelle-GuinÃ©e (la),Oceania,Papua-Neuguinea,Papua New Guinea,Papouasie-Nouvelle-GuinÃ©e,Papua Nuova Guinea,168.0,192.0,East Asia & Pacific,Melanesia,598.0,Ø¨Ø§Ø¨ÙˆØ§ ØºÙŠÙ†ÙŠØ§ Ø§Ù„Ø¬Ø¯ÙŠØ¯Ø©,Papua New Guinea,Papua Nueva Guinea,Papouasie-Nouvelle-GuinÃ©e,ĞŸĞ°Ğ¿ÑƒĞ°-ĞĞ¾Ğ²Ğ°Ñ Ğ“Ğ²Ğ¸Ğ½ĞµÑ,å·´å¸ƒäºšæ–°å‡ å†…äºš,ğŸ‡µğŸ‡¬
PRY,PY,600.0,Paraguay,Paraguay (le),Americas,Paraguay,Paraguay,Paraguay,Paraguay,169.0,194.0,Latin America & Caribbean,South America,600.0,Ø¨Ø§Ø±Ø§ØºÙˆØ§ÙŠ,Paraguay,Paraguay,Paraguay,ĞŸĞ°Ñ€Ğ°Ğ³Ğ²Ğ°Ğ¹,å·´æ‹‰åœ­,ğŸ‡µğŸ‡¾
,,,,,,Parma,Parma,,,,,Europe & Central Asia,,,,,,,,,
PER,PE,604.0,Peru,PÃ©rou (le),Americas,Peru,Peru,PÃ©rou,PerÃ¹,170.0,195.0,Latin America & Caribbean,South America,604.0,Ø¨ÙŠØ±Ùˆ,Peru,PerÃº,PÃ©rou,ĞŸĞµÑ€Ñƒ,ç§˜é²,ğŸ‡µğŸ‡ª
PHL,PH,608.0,Philippines (the),Philippines (les),Asia,Philippinen,Philippines,Philippines,Filippine,171.0,196.0,East Asia & Pacific,South-Eastern Asia,608.0,Ø§Ù„ÙÙ„Ø¨ÙŠÙ†,Philippines,Filipinas,Philippines,Ğ¤Ğ¸Ğ»Ğ¸Ğ¿Ğ¿Ğ¸Ğ½Ñ‹,è²å¾‹å®¾,ğŸ‡µğŸ‡­
,,,,,,Piemont Sardinien,Piedmont-Sardinia,,,,,Europe & Central Asia,,,,,,,,,
PCN,PN,612.0,Pitcairn,Pitcairn,Oceania,Pitcairn,Pitcairn Islands,Ãles Pitcairn,Isole Pitcairn,172.0,197.0,East Asia & Pacific,Polynesia,612.0,,,,,,,ğŸ‡µğŸ‡³
POL,PL,616.0,Poland,Pologne (la),Europe,Polen,Poland,Pologne,Polonia,173.0,198.0,Europe & Central Asia,Eastern Europe,616.0,Ø¨ÙˆÙ„Ù†Ø¯Ø§,Poland,Polonia,Pologne,ĞŸĞ¾Ğ»ÑŒÑˆĞ°,æ³¢å…°,ğŸ‡µğŸ‡±
PRT,PT,620.0,Portugal,Portugal (le),Europe,Portugal,Portugal,Portugal,Portogallo,174.0,199.0,Europe & Central Asia,Southern Europe,620.0,Ø§Ù„Ø¨Ø±ØªØºØ§Ù„,Portugal,Portugal,Portugal,ĞŸĞ¾Ñ€Ñ‚ÑƒĞ³Ğ°Ğ»Ğ¸Ñ,è‘¡è„ç‰™,ğŸ‡µğŸ‡¹
,,,,,,Preussen,Prussia,,,,,Europe & Central Asia,,,,,,,,,
PRI,PR,630.0,Puerto Rico,Porto Rico,Americas,Puerto Rico,Puerto Rico,Porto Rico,Portorico,177.0,200.0,Latin America & Caribbean,Caribbean,630.0,,,,,,,ğŸ‡µğŸ‡·
QAT,QA,634.0,Qatar,Qatar (le),Asia,Katar,Qatar,Qatar,Qatar,179.0,201.0,Middle East & North Africa,Western Asia,634.0,Ù‚Ø·Ø±,Qatar,Qatar,Qatar,ĞšĞ°Ñ‚Ğ°Ñ€,å¡å¡”å°”,ğŸ‡¶ğŸ‡¦
,,,,,Asia,SÃ¼dvietnam,Republic of Vietnam,,,,,East Asia & Pacific,South-Eastern Asia,,,,,,,,
ROU,RO,642.0,Romania,Roumanie (la),Europe,RumÃ¤nien,Romania,Roumanie,Romania,183.0,203.0,Europe & Central Asia,Eastern Europe,642.0,Ø±ÙˆÙ…Ø§Ù†ÙŠØ§,Romania,Rumania,Roumanie,Ğ ÑƒĞ¼Ñ‹Ğ½Ğ¸Ñ,ç½—é©¬å°¼äºš,ğŸ‡·ğŸ‡´
RUS,RU,643.0,Russian Federation (the),Russie (la FÃ©dÃ©ration de),Europe,Russische FÃ¶deration,Russia,Russie,Russia,185.0,204.0,Europe & Central Asia,Eastern Europe,643.0,Ø§Ù„Ø§ØªØ­Ø§Ø¯ Ø§Ù„Ø±ÙˆØ³ÙŠ,Russian Federation,FederaciÃ³n de Rusia,FÃ©dÃ©ration de Russie,Ğ Ğ¾ÑÑĞ¸Ğ¹ÑĞºĞ°Ñ Ğ¤ĞµĞ´ĞµÑ€Ğ°Ñ†Ğ¸Ñ,ä¿„ç½—æ–¯è”é‚¦,ğŸ‡·ğŸ‡º
RWA,RW,646.0,Rwanda,Rwanda (le),Africa,Ruanda,Rwanda,Rwanda,Ruanda,184.0,205.0,Sub-Saharan Africa,Eastern Africa,646.0,Ø±ÙˆØ§Ù†Ø¯Ø§,Rwanda,Rwanda,Rwanda,Ğ ÑƒĞ°Ğ½Ğ´Ğ°,å¢æ—ºè¾¾,ğŸ‡·ğŸ‡¼
REU,RE,638.0,RÃ©union,RÃ©union (La),Africa,RÃ©union,RÃ©union,La RÃ©union,Riunione,182.0,206.0,,Eastern Africa,638.0,,,,,,,ğŸ‡·ğŸ‡ª
MAF,MF,663.0,Saint Martin (French part),Saint-Martin (partie franÃ§aise),Americas,Saint Martin (franzÃ¶sischer Teil),Saint Martin (French part),Saint-Martin (partie franÃ§aise),,,,Latin America & Caribbean,Caribbean,663.0,,,,,,,ğŸ‡²ğŸ‡«
WSM,WS,882.0,Samoa,Samoa (le),Oceania,Samoa,Samoa,Samoa,Samoa,244.0,212.0,East Asia & Pacific,Polynesia,882.0,Ø³Ø§Ù…ÙˆØ§,Samoa,Samoa,Samoa,Ğ¡Ğ°Ğ¼Ğ¾Ğ°,è¨æ‘©äºš,ğŸ‡¼ğŸ‡¸
SMR,SM,674.0,San Marino,Saint-Marin,Europe,San Marino,San Marino,Saint-Marin,San Marino,192.0,213.0,Europe & Central Asia,Southern Europe,674.0,Ø³Ø§Ù† Ù…Ø§Ø±ÙŠÙ†Ùˆ,San Marino,San Marino,Saint-Marin,Ğ¡Ğ°Ğ½-ĞœĞ°Ñ€Ğ¸Ğ½Ğ¾,åœ£é©¬åŠ›è¯º,ğŸ‡¸ğŸ‡²
,,,,,,Sardinien,Sardinia,,,,,Europe & Central Asia,,,,,,,,,
SAU,SA,682.0,Saudi Arabia,Arabie saoudite (l'),Asia,Saudi Arabien,Saudi Arabia,Arabie saoudite,Arabia Saudita,194.0,215.0,Middle East & North Africa,Western Asia,682.0,Ø§Ù„Ù…Ù…Ù„ÙƒØ© Ø§Ù„Ø¹Ø±Ø¨ÙŠØ© Ø§Ù„Ø³Ø¹ÙˆØ¯ÙŠØ©,Saudi Arabia,Arabia Saudita,Arabie saoudite,Ğ¡Ğ°ÑƒĞ´Ğ¾Ğ²ÑĞºĞ°Ñ ĞÑ€Ğ°Ğ²Ğ¸Ñ,æ²™ç‰¹é˜¿æ‹‰ä¼¯,ğŸ‡¸ğŸ‡¦
,,,,,,Sachsen-Weimar-Eisenach,Saxe-Weimar-Eisenach,,,,,Europe & Central Asia,,,,,,,,,
,,,,,,Sachsen,Saxony,,,,,Europe & Central Asia,,,,,,,,,
SEN,SN,686.0,Senegal,SÃ©nÃ©gal (le),Africa,Senegal,Senegal,SÃ©nÃ©gal,Senegal,195.0,217.0,Sub-Saharan Africa,Western Africa,686.0,Ø§Ù„Ø³Ù†ØºØ§Ù„,Senegal,Senegal,SÃ©nÃ©gal,Ğ¡ĞµĞ½ĞµĞ³Ğ°Ğ»,å¡å†…åŠ å°”,ğŸ‡¸ğŸ‡³
SRB,RS,688.0,Serbia,Serbie (la),Europe,Serbien,Serbia,Serbie,Serbia,272.0,2648.0,Europe & Central Asia,Southern Europe,688.0,ØµØ±Ø¨ÙŠØ§,Serbia,Serbia,Serbie,Ğ¡ĞµÑ€Ğ±Ğ¸Ñ,å¡å°”ç»´äºš,ğŸ‡·ğŸ‡¸
,,,,,,Serbien und Montenegro,Serbia and Montenegro,,,,,Europe & Central Asia,,,,,,,,,
SYC,SC,690.0,Seychelles,Seychelles (les),Africa,Seychellen,Seychelles,Seychelles,Seychelles,196.0,220.0,Sub-Saharan Africa,Eastern Africa,690.0,Ø³ÙŠØ´ÙŠÙ„,Seychelles,Seychelles,Seychelles,Ğ¡ĞµĞ¹ÑˆĞµĞ»ÑŒÑĞºĞ¸Ğµ ĞÑÑ‚Ñ€Ğ¾Ğ²Ğ°,å¡èˆŒå°”,ğŸ‡¸ğŸ‡¨
SLE,SL,694.0,Sierra Leone,Sierra Leone (la),Africa,Sierra Leone,Sierra Leone,Sierra Leone,Sierra Leone,197.0,221.0,Sub-Saharan Africa,Western Africa,694.0,Ø³ÙŠØ±Ø§Ù„ÙŠÙˆÙ†,Sierra Leone,Sierra Leona,Sierra Leone,Ğ¡ÑŒĞµÑ€Ñ€Ğ°-Ğ›ĞµĞ¾Ğ½Ğµ,å¡æ‹‰åˆ©æ˜‚,ğŸ‡¸ğŸ‡±
SGP,SG,702.0,Singapore,Singapour,Asia,Singapur,Singapore,Singapour,Singapore,200.0,222.0,East Asia & Pacific,South-Eastern Asia,702.0,Ø³Ù†ØºØ§ÙÙˆØ±Ø©,Singapore,Singapur,Singapour,Ğ¡Ğ¸Ğ½Ğ³Ğ°Ğ¿ÑƒÑ€,æ–°åŠ å¡,ğŸ‡¸ğŸ‡¬
SXM,SX,534.0,Sint Maarten (Dutch part),Saint-Martin (partie nÃ©erlandaise),Americas,Sint Maarten (NiederlÃ¤ndischer Teil),Sint Maarten,Saint-Martin (partie nÃ©erlandaise),Sint Maarten,,,Latin America & Caribbean,Caribbean,534.0,,,,,,,ğŸ‡¸ğŸ‡½
SVK,SK,703.0,Slovakia,Slovaquie (la),Europe,Slowakei,Slovakia,Slovaquie,Slovacchia,199.0,223.0,Europe & Central Asia,Eastern Europe,703.0,Ø³Ù„ÙˆÙØ§ÙƒÙŠØ§,Slovakia,Eslovaquia,Slovaquie,Ğ¡Ğ»Ğ¾Ğ²Ğ°ĞºĞ¸Ñ,æ–¯æ´›ä¼å…‹,ğŸ‡¸ğŸ‡°
SVN,SI,705.0,Slovenia,SlovÃ©nie (la),Europe,Slowenien,Slovenia,SlovÃ©nie,Slovenia,198.0,224.0,Europe & Central Asia,Southern Europe,705.0,Ø³Ù„ÙˆÙÙŠÙ†ÙŠØ§,Slovenia,Eslovenia,SlovÃ©nie,Ğ¡Ğ»Ğ¾Ğ²ĞµĞ½Ğ¸Ñ,æ–¯æ´›æ–‡å°¼äºš,ğŸ‡¸ğŸ‡®
SLB,SB,90.0,Solomon Islands,Salomon (les Ãles),Oceania,Salomon-Inseln,Solomon Islands,Ãles Salomon,Isole Salomone,25.0,225.0,East Asia & Pacific,Melanesia,90.0,Ø¬Ø²Ø± Ø³Ù„ÙŠÙ…Ø§Ù†,Solomon Islands,Islas SalomÃ³n,Ãles Salomon,Ğ¡Ğ¾Ğ»Ğ¾Ğ¼Ğ¾Ğ½Ğ¾Ğ²Ñ‹ ĞÑÑ‚Ñ€Ğ¾Ğ²Ğ°,æ‰€ç½—é—¨ç¾¤å²›,ğŸ‡¸ğŸ‡§
SOM,SO,706.0,Somalia,Somalie (la),Africa,Somalia,Somalia,Somalie,Somalia,201.0,226.0,Sub-Saharan Africa,Eastern Africa,706.0,Ø§Ù„ØµÙˆÙ…Ø§Ù„,Somalia,Somalia,Somalie,Ğ¡Ğ¾Ğ¼Ğ°Ğ»Ğ¸,ç´¢é©¬é‡Œ,ğŸ‡¸ğŸ‡´
,,,,,Africa,Somaliland,Somaliland,,,,,Sub-Saharan Africa,Eastern Africa,,,,,,,,
ZAF,ZA,710.0,South Africa,Afrique du Sud (l'),Africa,SÃ¼dafrika,South Africa,Afrique du Sud,Sudafrica,202.0,227.0,Sub-Saharan Africa,Southern Africa,710.0,Ø¬Ù†ÙˆØ¨ Ø£ÙØ±ÙŠÙ‚ÙŠØ§,South Africa,SudÃ¡frica,Afrique du Sud,Ğ®Ğ¶Ğ½Ğ°Ñ ĞÑ„Ñ€Ğ¸ĞºĞ°,å—é,ğŸ‡¿ğŸ‡¦
SGS,GS,239.0,South Georgia and the South Sandwich Islands,GÃ©orgie du Sud-et-les Ãles Sandwich du Sud (la),,SÃ¼dgeorgien und die SÃ¼dlichen Sandwichinseln,South Georgia & South Sandwich Islands,GÃ©orgie du Sud et Ã®les Sandwich du Sud,Georgia del Sud e Sandwich australi,,228.0,East Asia & Pacific,,239.0,,,,,,,ğŸ‡¬ğŸ‡¸
KOR,KR,410.0,Korea (the Republic of),CorÃ©e (la RÃ©publique de),Asia,"Korea, Republik von",South Korea,CorÃ©e du Sud,Corea del Sud,117.0,202.0,East Asia & Pacific,Eastern Asia,410.0,Ø¬Ù…Ù‡ÙˆØ±ÙŠØ© ÙƒÙˆØ±ÙŠØ§,Republic of Korea,RepÃºblica de Corea,RÃ©publique de CorÃ©e,Ğ ĞµÑĞ¿ÑƒĞ±Ğ»Ğ¸ĞºĞ° ĞšĞ¾Ñ€ĞµÑ,å¤§éŸ©æ°‘å›½,ğŸ‡°ğŸ‡·
SSD,SS,728.0,South Sudan,Soudan du Sud (le),Africa,SÃ¼dsudan,South Sudan,Soudan du Sud,Sud Sudan,277.0,74.0,Sub-Saharan Africa,Northern Africa,728.0,Ø¬Ù†ÙˆØ¨ Ø§Ù„Ø³ÙˆØ¯Ø§Ù†,South Sudan,SudÃ¡n del Sur,Soudan du Sud,Ğ®Ğ¶Ğ½Ñ‹Ğ¹ Ğ¡ÑƒĞ´Ğ°Ğ½,å—è‹ä¸¹,ğŸ‡¸ğŸ‡¸
ESP,ES,724.0,Spain,Espagne (l'),Europe,Spanien,Spain,Espagne,Spagna,203.0,229.0,Europe & Central Asia,Southern Europe,724.0,Ø¥Ø³Ø¨Ø§Ù†ÙŠØ§,Spain,EspaÃ±a,Espagne,Ğ˜ÑĞ¿Ğ°Ğ½Ğ¸Ñ,è¥¿ç­ç‰™,ğŸ‡ªğŸ‡¸
LKA,LK,144.0,Sri Lanka,Sri Lanka,Asia,Sri Lanka,Sri Lanka,Sri Lanka,Sri Lanka,38.0,231.0,South Asia,Southern Asia,144.0,Ø³Ø±ÙŠ Ù„Ø§Ù†ÙƒØ§,Sri Lanka,Sri Lanka,Sri Lanka,Ğ¨Ñ€Ğ¸-Ğ›Ğ°Ğ½ĞºĞ°,æ–¯é‡Œå…°å¡,ğŸ‡±ğŸ‡°
BLM,BL,652.0,Saint BarthÃ©lemy,Saint-BarthÃ©lemy,Americas,Saint-Barthelemy,St. BarthÃ©lemy,Saint-BarthÃ©lemy,Saint-BarthÃ©lemy,,,Latin America & Caribbean,Caribbean,652.0,,,,,,,ğŸ‡§ğŸ‡±
SHN,SH,654.0,"Saint Helena, Ascension and Tristan da Cunha","Sainte-HÃ©lÃ¨ne, Ascension et Tristan da Cunha",Africa,"St. Helena, Ascension und Tristan da Cunha",St. Helena,Sainte-HÃ©lÃ¨ne,Santâ€™Elena,187.0,207.0,,Western Africa,654.0,,,,,,,ğŸ‡¸ğŸ‡­
KNA,KN,659.0,Saint Kitts and Nevis,Saint-Kitts-et-Nevis,Americas,St. Kitts und Nevis,St. Kitts & Nevis,Saint-Christophe-et-NiÃ©vÃ¨s,Saint Kitts e Nevis,188.0,208.0,Latin America & Caribbean,Caribbean,659.0,Ø³Ø§Ù†Øª ÙƒÙŠØªØ³ ÙˆÙ†ÙŠÙØ³,Saint Kitts and Nevis,Saint Kitts y Nevis,Saint-Kitts-et-Nevis,Ğ¡ĞµĞ½Ñ‚-ĞšĞ¸Ñ‚Ñ Ğ¸ ĞĞµĞ²Ğ¸Ñ,åœ£åŸºèŒ¨å’Œå°¼ç»´æ–¯,ğŸ‡°ğŸ‡³
LCA,LC,662.0,Saint Lucia,Sainte-Lucie,Americas,Saint Lucia,St. Lucia,Sainte-Lucie,Saint Lucia,189.0,209.0,Latin America & Caribbean,Caribbean,662.0,Ø³Ø§Ù†Øª Ù„ÙˆØ³ÙŠØ§,Saint Lucia,Santa LucÃ­a,Sainte-Lucie,Ğ¡ĞµĞ½Ñ‚-Ğ›ÑÑĞ¸Ñ,åœ£å¢è¥¿äºš,ğŸ‡±ğŸ‡¨
SPM,PM,666.0,Saint Pierre and Miquelon,Saint-Pierre-et-Miquelon,Americas,Saint-Pierre und Miquelon,St. Pierre & Miquelon,Saint-Pierre-et-Miquelon,Saint-Pierre e Miquelon,190.0,210.0,North America,Northern America,666.0,,,,,,,ğŸ‡µğŸ‡²
VCT,VC,670.0,Saint Vincent and the Grenadines,Saint-Vincent-et-les Grenadines,Americas,St. Vincent und die Grenadinen,St. Vincent & Grenadines,Saint-Vincent-et-les-Grenadines,Saint Vincent e Grenadine,191.0,211.0,Latin America & Caribbean,Caribbean,670.0,Ø³Ø§Ù†Øª ÙÙ†Ø³Ù†Øª ÙˆØ¬Ø²Ø± ØºØ±ÙŠÙ†Ø§Ø¯ÙŠÙ†,Saint Vincent and the Grenadines,San Vicente y las Granadinas,Saint-Vincent-et-les Grenadines,Ğ¡ĞµĞ½Ñ‚-Ğ’Ğ¸Ğ½ÑĞµĞ½Ñ‚ Ğ¸ Ğ“Ñ€ĞµĞ½Ğ°Ğ´Ğ¸Ğ½Ñ‹,åœ£æ–‡æ£®ç‰¹å’Œæ ¼æ—çº³ä¸æ–¯,ğŸ‡»ğŸ‡¨
,,,,,,,Stateless,,,,,,,,,,,,,,
SDN,SD,729.0,Sudan (the),Soudan (le),Africa,Sudan,Sudan,Soudan,Sudan,276.0,6.0,Sub-Saharan Africa,Northern Africa,729.0,Ø§Ù„Ø³ÙˆØ¯Ø§Ù†,Sudan,SudÃ¡n,Soudan,Ğ¡ÑƒĞ´Ğ°Ğ½,è‹ä¸¹,ğŸ‡¸ğŸ‡©
SUR,SR,740.0,Suriname,Suriname (le),Americas,Surinam,Suriname,Suriname,Suriname,207.0,233.0,Latin America & Caribbean,South America,740.0,Ø³ÙˆØ±ÙŠÙ†Ø§Ù…,Suriname,Suriname,Suriname,Ğ¡ÑƒÑ€Ğ¸Ğ½Ğ°Ğ¼,è‹é‡Œå—,ğŸ‡¸ğŸ‡·
SJM,SJ,744.0,Svalbard and Jan Mayen,Svalbard et l'Ãle Jan Mayen (le),Europe,Svalbard und Jan Mayen,Svalbard & Jan Mayen,Svalbard et Jan Mayen,Svalbard e Jan Mayen,260.0,234.0,,Northern Europe,744.0,,,,,,,ğŸ‡¸ğŸ‡¯
SWE,SE,752.0,Sweden,SuÃ¨de (la),Europe,Schweden,Sweden,SuÃ¨de,Svezia,210.0,236.0,Europe & Central Asia,Northern Europe,752.0,Ø§Ù„Ø³ÙˆÙŠØ¯,Sweden,Suecia,SuÃ¨de,Ğ¨Ğ²ĞµÑ†Ğ¸Ñ,ç‘å…¸,ğŸ‡¸ğŸ‡ª
CHE,CH,756.0,Switzerland,Suisse (la),Europe,Schweiz,Switzerland,Suisse,Svizzera,211.0,237.0,Europe & Central Asia,Western Europe,756.0,Ø³ÙˆÙŠØ³Ø±Ø§,Switzerland,Suiza,Suisse,Ğ¨Ğ²ĞµĞ¹Ñ†Ğ°Ñ€Ğ¸Ñ,ç‘å£«,ğŸ‡¨ğŸ‡­
SYR,SY,760.0,Syrian Arab Republic (the),RÃ©publique arabe syrienne (la),Asia,Syrische Arabische Republik,Syria,Syrie,Siria,212.0,238.0,Middle East & North Africa,Western Asia,760.0,Ø§Ù„Ø¬Ù…Ù‡ÙˆØ±ÙŠØ© Ø§Ù„Ø¹Ø±Ø¨ÙŠØ© Ø§Ù„Ø³ÙˆØ±ÙŠØ©,Syrian Arab Republic,RepÃºblica Ãrabe Siria,RÃ©publique arabe syrienne,Ğ¡Ğ¸Ñ€Ğ¸Ğ¹ÑĞºĞ°Ñ ĞÑ€Ğ°Ğ±ÑĞºĞ°Ñ Ğ ĞµÑĞ¿ÑƒĞ±Ğ»Ğ¸ĞºĞ°,é˜¿æ‹‰ä¼¯å™åˆ©äºšå…±å’Œå›½,ğŸ‡¸ğŸ‡¾
STP,ST,678.0,Sao Tome and Principe,Sao TomÃ©-et-Principe,Africa,Sao Tome und Principe,SÃ£o TomÃ© & PrÃ­ncipe,Sao TomÃ©-et-Principe,SÃ£o TomÃ© e PrÃ­ncipe,193.0,214.0,Sub-Saharan Africa,Middle Africa,678.0,Ø³Ø§Ù† ØªÙˆÙ…ÙŠ ÙˆØ¨Ø±ÙŠÙ†Ø³ÙŠØ¨ÙŠ,Sao Tome and Principe,Santo TomÃ© y PrÃ­ncipe,Sao TomÃ©-et-Principe,Ğ¡Ğ°Ğ½-Ğ¢Ğ¾Ğ¼Ğµ Ğ¸ ĞŸÑ€Ğ¸Ğ½ÑĞ¸Ğ¿Ğ¸,åœ£å¤šç¾å’Œæ™®æ—è¥¿æ¯”,ğŸ‡¸ğŸ‡¹
TWN,TW,158.0,Taiwan (Province of China),TaÃ¯wan (Province de Chine),Asia,Taiwan,Taiwan,TaÃ¯wan,Taiwan,214.0,,East Asia & Pacific,Eastern Asia,,,,,,,,ğŸ‡¹ğŸ‡¼
TJK,TJ,762.0,Tajikistan,Tadjikistan (le),Asia,Tadschikistan,Tajikistan,Tadjikistan,Tagikistan,208.0,239.0,Europe & Central Asia,Central Asia,762.0,Ø·Ø§Ø¬ÙŠÙƒØ³ØªØ§Ù†,Tajikistan,TayikistÃ¡n,Tadjikistan,Ğ¢Ğ°Ğ´Ğ¶Ğ¸ĞºĞ¸ÑÑ‚Ğ°Ğ½,å¡”å‰å…‹æ–¯å¦,ğŸ‡¹ğŸ‡¯
TZA,TZ,834.0,"Tanzania, the United Republic of",Tanzanie (la RÃ©publique-Unie de),Africa,Tansania,Tanzania,Tanzanie,Tanzania,215.0,257.0,Sub-Saharan Africa,Eastern Africa,834.0,Ø¬Ù…Ù‡ÙˆØ±ÙŠØ© ØªÙ†Ø²Ø§Ù†ÙŠØ§ Ø§Ù„Ù…ØªØ­Ø¯Ø©,United Republic of Tanzania,RepÃºblica Unida de TanzanÃ­a,RÃ©publique-Unie de Tanzanie,ĞĞ±ÑŠĞµĞ´Ğ¸Ğ½ĞµĞ½Ğ½Ğ°Ñ Ğ ĞµÑĞ¿ÑƒĞ±Ğ»Ğ¸ĞºĞ° Ğ¢Ğ°Ğ½Ğ·Ğ°Ğ½Ğ¸Ñ,å¦æ¡‘å°¼äºšè”åˆå…±å’Œå›½,ğŸ‡¹ğŸ‡¿
THA,TH,764.0,Thailand,ThaÃ¯lande (la),Asia,Thailand,Thailand,ThaÃ¯lande,Thailandia,216.0,240.0,East Asia & Pacific,South-Eastern Asia,764.0,ØªØ§ÙŠÙ„Ù†Ø¯,Thailand,Tailandia,ThaÃ¯lande,Ğ¢Ğ°Ğ¸Ğ»Ğ°Ğ½Ğ´,æ³°å›½,ğŸ‡¹ğŸ‡­
,,,,,,,Tibet,,,,,,,,,,,,,,
TLS,TL,626.0,Timor-Leste,Timor-Leste (le),Asia,Timor-Leste,Timor-Leste,Timor oriental,Timor Est,176.0,242.0,East Asia & Pacific,South-Eastern Asia,626.0,ØªÙŠÙ…ÙˆØ±-Ù„ÙŠØ´ØªÙŠ,Timor-Leste,Timor-Leste,Timor-Leste,Ğ¢Ğ¸Ğ¼Ğ¾Ñ€-Ğ›ĞµÑˆÑ‚Ğ¸,ä¸œå¸æ±¶,ğŸ‡¹ğŸ‡±
TGO,TG,768.0,Togo,Togo (le),Africa,Togo,Togo,Togo,Togo,217.0,243.0,Sub-Saharan Africa,Western Africa,768.0,ØªÙˆØºÙˆ,Togo,Togo,Togo,Ğ¢Ğ¾Ğ³Ğ¾,å¤šå“¥,ğŸ‡¹ğŸ‡¬
TKL,TK,772.0,Tokelau,Tokelau (les),Oceania,Tokelau,Tokelau,Tokelau,Tokelau,218.0,244.0,East Asia & Pacific,Polynesia,772.0,,,,,,,ğŸ‡¹ğŸ‡°
TON,TO,776.0,Tonga,Tonga (les),Oceania,Tonga,Tonga,Tonga,Tonga,219.0,245.0,East Asia & Pacific,Polynesia,776.0,ØªÙˆÙ†ØºØ§,Tonga,Tonga,Tonga,Ğ¢Ğ¾Ğ½Ğ³Ğ°,æ±¤åŠ ,ğŸ‡¹ğŸ‡´
TTO,TT,780.0,Trinidad and Tobago,TrinitÃ©-et-Tobago (la),Americas,Trinidad und Tobago,Trinidad & Tobago,TrinitÃ©-et-Tobago,Trinidad e Tobago,220.0,246.0,Latin America & Caribbean,Caribbean,780.0,ØªØ±ÙŠÙ†ÙŠØ¯Ø§Ø¯ ÙˆØªÙˆØ¨Ø§ØºÙˆ,Trinidad and Tobago,Trinidad y Tabago,TrinitÃ©-et-Tobago,Ğ¢Ñ€Ğ¸Ğ½Ğ¸Ğ´Ğ°Ğ´ Ğ¸ Ğ¢Ğ¾Ğ±Ğ°Ğ³Ğ¾,ç‰¹ç«‹å°¼è¾¾å’Œå¤šå·´å“¥,ğŸ‡¹ğŸ‡¹
TUN,TN,788.0,Tunisia,Tunisie (la),Africa,Tunesien,Tunisia,Tunisie,Tunisia,222.0,248.0,Middle East & North Africa,Northern Africa,788.0,ØªÙˆÙ†Ø³,Tunisia,TÃºnez,Tunisie,Ğ¢ÑƒĞ½Ğ¸Ñ,çªå°¼æ–¯,ğŸ‡¹ğŸ‡³
TUR,TR,792.0,Turkey,Turquie (la),Asia,TÃ¼rkei,Turkey,Turquie,Turchia,223.0,249.0,Europe & Central Asia,Western Asia,792.0,ØªØ±ÙƒÙŠØ§,TÃ¼rkiye,TÃ¼rkiye,TÃ¼rkiye,Ğ¢ÑƒÑ€Ñ†Ğ¸Ñ,åœŸè€³å…¶,ğŸ‡¹ğŸ‡·
TKM,TM,795.0,Turkmenistan,TurkmÃ©nistan (le),Asia,Turkmenistan,Turkmenistan,TurkmÃ©nistan,Turkmenistan,213.0,250.0,Europe & Central Asia,Central Asia,795.0,ØªØ±ÙƒÙ…Ø§Ù†Ø³ØªØ§Ù†,Turkmenistan,TurkmenistÃ¡n,TurkmÃ©nistan,Ğ¢ÑƒÑ€ĞºĞ¼ĞµĞ½Ğ¸ÑÑ‚Ğ°Ğ½,åœŸåº“æ›¼æ–¯å¦,ğŸ‡¹ğŸ‡²
TCA,TC,796.0,Turks and Caicos Islands (the),Turks-et-CaÃ¯cos (les Ãles),Americas,Turks- und Caicosinseln,Turks & Caicos Islands,Ãles Turques-et-CaÃ¯ques,Isole Turks e Caicos,224.0,251.0,Latin America & Caribbean,Caribbean,796.0,,,,,,,ğŸ‡¹ğŸ‡¨
,,,,,,Toskana,Tuscany,,,,,Europe & Central Asia,,,,,,,,,
TUV,TV,798.0,Tuvalu,Tuvalu (les),Oceania,Tuvalu,Tuvalu,Tuvalu,Tuvalu,227.0,252.0,East Asia & Pacific,Polynesia,798.0,ØªÙˆÙØ§Ù„Ùˆ,Tuvalu,Tuvalu,Tuvalu,Ğ¢ÑƒĞ²Ğ°Ğ»Ñƒ,å›¾ç“¦å¢,ğŸ‡¹ğŸ‡»
,,,,,,KÃ¶nigreich beider Sizilien,Two Sicilies,,,,,Europe & Central Asia,,,,,,,,,
VIR,VI,850.0,Virgin Islands (U.S.),Vierges des Ã‰tats-Unis (les Ãles),Americas,"Virgin Islands, U.S.",U.S. Virgin Islands,Ãles Vierges des Ã‰tats-Unis,Isole Vergini Americane,240.0,258.0,Latin America & Caribbean,Caribbean,850.0,,,,,,,ğŸ‡»ğŸ‡®
UGA,UG,800.0,Uganda,Ouganda (l'),Africa,Uganda,Uganda,Ouganda,Uganda,226.0,253.0,Sub-Saharan Africa,Eastern Africa,800.0,Ø£ÙˆØºÙ†Ø¯Ø§,Uganda,Uganda,Ouganda,Ğ£Ğ³Ğ°Ğ½Ğ´Ğ°,ä¹Œå¹²è¾¾,ğŸ‡ºğŸ‡¬
UKR,UA,804.0,Ukraine,Ukraine (l'),Europe,Ukraine,Ukraine,Ukraine,Ucraina,230.0,254.0,Europe & Central Asia,Eastern Europe,804.0,Ø£ÙˆÙƒØ±Ø§Ù†ÙŠØ§,Ukraine,Ucrania,Ukraine,Ğ£ĞºÑ€Ğ°Ğ¸Ğ½Ğ°,ä¹Œå…‹å…°,ğŸ‡ºğŸ‡¦
ARE,AE,784.0,United Arab Emirates (the),Ã‰mirats arabes unis (les),Asia,Vereinigte Arabische Emirate,United Arab Emirates,Ã‰mirats arabes unis,Emirati Arabi Uniti,225.0,255.0,Middle East & North Africa,Western Asia,784.0,Ø§Ù„Ø¥Ù…Ø§Ø±Ø§Øª Ø§Ù„Ø¹Ø±Ø¨ÙŠØ© Ø§Ù„Ù…ØªØ­Ø¯Ø©,United Arab Emirates,Emiratos Ãrabes Unidos,Ã‰mirats arabes unis,ĞĞ±ÑŠĞµĞ´Ğ¸Ğ½ĞµĞ½Ğ½Ñ‹Ğµ ĞÑ€Ğ°Ğ±ÑĞºĞ¸Ğµ Ğ­Ğ¼Ğ¸Ñ€Ğ°Ñ‚Ñ‹,é˜¿æ‹‰ä¼¯è”åˆé…‹é•¿å›½,ğŸ‡¦ğŸ‡ª
,,,,,Asia,Vereinigte Arabische Republik,United Arab Republic,,,,,Middle East & North Africa,Western Asia,,,,,,,,
GBR,GB,826.0,United Kingdom,Royaume-Uni,Europe,GroÃŸbritannien,United Kingdom,Royaume-Uni,Regno Unito,229.0,256.0,Europe & Central Asia,Northern Europe,826.0,Ø§Ù„Ù…Ù…Ù„ÙƒØ© Ø§Ù„Ù…ØªØ­Ø¯Ø© Ù„Ø¨Ø±ÙŠØ·Ø§Ù†ÙŠØ§ Ø§Ù„Ø¹Ø¸Ù…Ù‰ ÙˆØ¢ÙŠØ±Ù„Ù†Ø¯Ø§ Ø§Ù„Ø´Ù…Ø§Ù„ÙŠØ©,United Kingdom of Great Britain and Northern Ireland,Reino Unido de Gran BretaÃ±a e Irlanda del Norte,Royaume-Uni de Grande-Bretagne et dâ€™Irlande du Nord,Ğ¡Ğ¾ĞµĞ´Ğ¸Ğ½ĞµĞ½Ğ½Ğ¾Ğµ ĞšĞ¾Ñ€Ğ¾Ğ»ĞµĞ²ÑÑ‚Ğ²Ğ¾ Ğ’ĞµĞ»Ğ¸ĞºĞ¾Ğ±Ñ€Ğ¸Ñ‚Ğ°Ğ½Ğ¸Ğ¸ Ğ¸ Ğ¡ĞµĞ²ĞµÑ€Ğ½Ğ¾Ğ¹ Ğ˜Ñ€Ğ»Ğ°Ğ½Ğ´Ğ¸Ğ¸,å¤§ä¸åˆ—é¢ åŠåŒ—çˆ±å°”å…°è”åˆç‹å›½,ğŸ‡¬ğŸ‡§
,,,,,,Vereinigte Provinz CA,United Province CA,,,,,,,,,,,,,,
USA,US,840.0,United States of America (the),Ã‰tats-Unis d'AmÃ©rique (les),Americas,Vereinigte Staaten,United States,Ã‰tats-Unis,Stati Uniti,231.0,259.0,North America,Northern America,840.0,Ø§Ù„ÙˆÙ„Ø§ÙŠØ§Øª Ø§Ù„Ù…ØªØ­Ø¯Ø© Ø§Ù„Ø£Ù…Ø±ÙŠÙƒÙŠØ©,United States of America,Estados Unidos de AmÃ©rica,Ã‰tats-Unis dâ€™AmÃ©rique,Ğ¡Ğ¾ĞµĞ´Ğ¸Ğ½ĞµĞ½Ğ½Ñ‹Ğµ Ğ¨Ñ‚Ğ°Ñ‚Ñ‹ ĞĞ¼ĞµÑ€Ğ¸ĞºĞ¸,ç¾åˆ©åšåˆä¼—å›½,ğŸ‡ºğŸ‡¸
UMI,UM,581.0,United States Minor Outlying Islands (the),Mineures Ã©loignÃ©es des Ã‰tats-Unis (les),,United States Minor Outlying Islands,United States Minor Outlying Islands (the),Mineures Ã©loignÃ©es des Ã‰tats-Unis (les),,,,,,581.0,,,,,,,ğŸ‡ºğŸ‡²
,,,,,,,Unknown,,,,,,,,,,,,,,
URY,UY,858.0,Uruguay,Uruguay (l'),Americas,Uruguay,Uruguay,Uruguay,Uruguay,234.0,260.0,Latin America & Caribbean,South America,858.0,Ø£ÙˆØ±ÙˆØºÙˆØ§ÙŠ,Uruguay,Uruguay,Uruguay,Ğ£Ñ€ÑƒĞ³Ğ²Ğ°Ğ¹,ä¹Œæ‹‰åœ­,ğŸ‡ºğŸ‡¾
UZB,UZ,860.0,Uzbekistan,OuzbÃ©kistan (l'),Asia,Usbekistan,Uzbekistan,OuzbÃ©kistan,Uzbekistan,235.0,261.0,Europe & Central Asia,Central Asia,860.0,Ø£ÙˆØ²Ø¨ÙƒØ³ØªØ§Ù†,Uzbekistan,UzbekistÃ¡n,OuzbÃ©kistan,Ğ£Ğ·Ğ±ĞµĞºĞ¸ÑÑ‚Ğ°Ğ½,ä¹Œå…¹åˆ«å…‹æ–¯å¦,ğŸ‡ºğŸ‡¿
VUT,VU,548.0,Vanuatu,Vanuatu (le),Oceania,Vanuatu,Vanuatu,Vanuatu,Vanuatu,155.0,262.0,East Asia & Pacific,Melanesia,548.0,ÙØ§Ù†ÙˆØ§ØªÙˆ,Vanuatu,Vanuatu,Vanuatu,Ğ’Ğ°Ğ½ÑƒĞ°Ñ‚Ñƒ,ç“¦åŠªé˜¿å›¾,ğŸ‡»ğŸ‡º
VAT,VA,336.0,Holy See (the),Saint-SiÃ¨ge (le),Europe,Vatikanstaat,Vatican City,Ã‰tat de la CitÃ© du Vatican,CittÃ  del Vaticano,94.0,110.0,Europe & Central Asia,Southern Europe,336.0,,,,,,,ğŸ‡»ğŸ‡¦
VEN,VE,862.0,Venezuela (Bolivarian Republic of),Venezuela (RÃ©publique bolivarienne du),Americas,Venezuela,Venezuela,Venezuela,Venezuela,236.0,263.0,Latin America & Caribbean,South America,862.0,ÙÙ†Ø²ÙˆÙŠÙ„Ø§ (Ø¬Ù…Ù‡ÙˆØ±ÙŠØ© - Ø§Ù„Ø¨ÙˆÙ„ÙŠÙØ§Ø±ÙŠØ©),Venezuela (Bolivarian Republic of),Venezuela (RepÃºblica Bolivariana de),Venezuela (RÃ©publique bolivarienne du),Ğ’ĞµĞ½ĞµÑÑƒÑĞ»Ğ° (Ğ‘Ğ¾Ğ»Ğ¸Ğ²Ğ°Ñ€Ğ¸Ğ°Ğ½ÑĞºĞ°Ñ Ğ ĞµÑĞ¿ÑƒĞ±Ğ»Ğ¸ĞºĞ°),å§”å†…ç‘æ‹‰ï¼ˆç»åˆ©ç“¦å°”å…±å’Œå›½ï¼‰,ğŸ‡»ğŸ‡ª
VNM,VN,704.0,Viet Nam,Viet Nam (le),Asia,Vietnam,Vietnam,Vietnam,Vietnam,237.0,264.0,East Asia & Pacific,South-Eastern Asia,704.0,ÙÙŠÙŠØª Ù†Ø§Ù…,Viet Nam,Viet Nam,Viet Nam,Ğ’ÑŒĞµÑ‚Ğ½Ğ°Ğ¼,è¶Šå—,ğŸ‡»ğŸ‡³
WLF,WF,876.0,Wallis and Futuna,Wallis-et-Futuna,Oceania,Wallis und Futuna,Wallis & Futuna,Wallis-et-Futuna,Wallis e Futuna,243.0,266.0,,Polynesia,876.0,,,,,,,ğŸ‡¼ğŸ‡«
ESH,EH,732.0,Western Sahara,Sahara occidental (le),Africa,Westsahara,Western Sahara,Sahara occidental,Sahara occidentale,205.0,268.0,,Northern Africa,732.0,,,,,,,ğŸ‡ªğŸ‡­
,,,,,,WÃ¼rttemberg,Wuerttemburg,,,,,Europe & Central Asia,,,,,,,,,
,,,,,,,WÃ¼rtemberg,,,,,Europe & Central Asia,,,,,,,,,
YEM,YE,887.0,Yemen,YÃ©men (le),Asia,Jemen,Yemen,YÃ©men,Yemen,249.0,269.0,Middle East & North Africa,Western Asia,887.0,Ø§Ù„ÙŠÙ…Ù†,Yemen,Yemen,YÃ©men,Ğ™ĞµĞ¼ĞµĞ½,ä¹Ÿé—¨,ğŸ‡¾ğŸ‡ª
,,,,,,Jemenitische Arabische Republik,Yemen Arab Republic,,,,,Middle East & North Africa,,,,,,,,,
,,,,,,Demokratische Volksrepublik Jemen,Yemen People's Republic,,,,,Middle East & North Africa,,,,,,,,,
,,,,,,Jugoslawien,Yugoslavia,,,,,Europe & Central Asia,,,,,,,,,
ZMB,ZM,894.0,Zambia,Zambie (la),Africa,Sambia,Zambia,Zambie,Zambia,251.0,270.0,Sub-Saharan Africa,Eastern Africa,894.0,Ø²Ø§Ù…Ø¨ÙŠØ§,Zambia,Zambia,Zambie,Ğ—Ğ°Ğ¼Ğ±Ğ¸Ñ,èµæ¯”äºš,ğŸ‡¿ğŸ‡²
,,,,,,,Zanzibar,,,,,Sub-Saharan Africa,,,,,,,,,
ZWE,ZW,716.0,Zimbabwe,Zimbabwe (le),Africa,Simbabwe,Zimbabwe,Zimbabwe,Zimbabwe,181.0,271.0,Sub-Saharan Africa,Eastern Africa,716.0,Ø²Ù…Ø¨Ø§Ø¨ÙˆÙŠ,Zimbabwe,Zimbabwe,Zimbabwe,Ğ—Ğ¸Ğ¼Ğ±Ğ°Ğ±Ğ²Ğµ,æ´¥å·´å¸ƒéŸ¦,ğŸ‡¿ğŸ‡¼
ALA,AX,248.0,Ã…land Islands,Ã…land(les Ãles),Europe,Ã…landinseln,Ã…land Islands,Ãles Ã…land,Isole Ã…land,,,Europe & Central Asia,Northern Europe,248.0,,,,,,,ğŸ‡¦ğŸ‡½
,,,,,,,,,,,,,,,,,,,,,
SPECIAL COUNTRY CODE COMBINATIONS TO MATCH IN WDPA,,,,,,,,,,,,,,,,,,,,,
FRA;ITA;MCO,,,,,,,,,,,,,,,,,,,,,
BFA;NER;BEN,,,,,,,,,,,,,,,,,,,,,
ABNJ,,,,,,,,,,,,,,,,,,,,,
MAR;ESP,,,,,,,,,,,,,,,,,,,,,
MKD;ALB,,,,,,,,,,,,,,,,,,,,,
AZE;IRN,,,,,,,,,,,,,,,,,,,,,
COG;CMR;CAF,,,,,,,,,,,,,,,,,,,,,
KAZ;TKM;UZB,,,,,,,,,,,,,,,,,,,,,
DEU;SVK;ALB;AUT;BEL;BGR;ESP;HRV;ITA;ROU;SVN;UKR,,,,,,,,,,,,,,,,,,,,,
BLR;POL,,,,,,,,,,,,,,,,,,,,,
CRI;PAN,,,,,,,,,,,,,,,,,,,,,
ZMB;ZWE,,,,,,,,,,,,,,,,,,,,,
CHE;ITA,,,,,,,,,,,,,,,,,,,,,
CAN;USA,,,,,,,,,,,,,,,,,,,,,
SVK;HUN,,,,,,,,,,,,,,,,,,,,,
FRA;ESP,,,,,,,,,,,,,,,,,,,,,
NLD;DEU;DNK,,,,,,,,,,,,,,,,,,,,,
MNG;RUS,,,,,,,,,,,,,,,,,,,,,
UZB;KGZ;KAZ,,,,,,,,,,,,,,,,,,,,,
FIN;SWE,,,,,,,,,,,,,,,,,,,,,
CIV;GIN,,,,,,,,,,,,,,,,,,,,,
LSO;ZAF,,,,,,,,,,,,,,,,,,,,,
